CREATE DATABASE  IF NOT EXISTS `lms` /*!40100 DEFAULT CHARACTER SET utf8mb4 COLLATE utf8mb4_0900_ai_ci */ /*!80016 DEFAULT ENCRYPTION='N' */;
USE `lms`;
-- MySQL dump 10.13  Distrib 8.0.43, for Win64 (x86_64)
--
-- Host: 127.0.0.1    Database: lms
-- ------------------------------------------------------
-- Server version	9.5.0

/*!40101 SET @OLD_CHARACTER_SET_CLIENT=@@CHARACTER_SET_CLIENT */;
/*!40101 SET @OLD_CHARACTER_SET_RESULTS=@@CHARACTER_SET_RESULTS */;
/*!40101 SET @OLD_COLLATION_CONNECTION=@@COLLATION_CONNECTION */;
/*!50503 SET NAMES utf8 */;
/*!40103 SET @OLD_TIME_ZONE=@@TIME_ZONE */;
/*!40103 SET TIME_ZONE='+00:00' */;
/*!40014 SET @OLD_UNIQUE_CHECKS=@@UNIQUE_CHECKS, UNIQUE_CHECKS=0 */;
/*!40014 SET @OLD_FOREIGN_KEY_CHECKS=@@FOREIGN_KEY_CHECKS, FOREIGN_KEY_CHECKS=0 */;
/*!40101 SET @OLD_SQL_MODE=@@SQL_MODE, SQL_MODE='NO_AUTO_VALUE_ON_ZERO' */;
/*!40111 SET @OLD_SQL_NOTES=@@SQL_NOTES, SQL_NOTES=0 */;
SET @MYSQLDUMP_TEMP_LOG_BIN = @@SESSION.SQL_LOG_BIN;
SET @@SESSION.SQL_LOG_BIN= 0;

--
-- GTID state at the beginning of the backup 
--

SET @@GLOBAL.GTID_PURGED=/*!80000 '+'*/ '88cf49b1-ae6d-11f0-97cd-d493901cbdbe:1-326';

--
-- Table structure for table `adminlog`
--

DROP TABLE IF EXISTS `adminlog`;
/*!40101 SET @saved_cs_client     = @@character_set_client */;
/*!50503 SET character_set_client = utf8mb4 */;
CREATE TABLE `adminlog` (
  `id_log` int NOT NULL AUTO_INCREMENT,
  `id_admin` int DEFAULT NULL,
  `hanh_dong` text CHARACTER SET utf8mb4 COLLATE utf8mb4_unicode_ci NOT NULL,
  `thoi_gian` timestamp NULL DEFAULT CURRENT_TIMESTAMP,
  PRIMARY KEY (`id_log`),
  KEY `fk_admin_log_admin_id` (`id_admin`),
  CONSTRAINT `fk_admin_log_admin_id` FOREIGN KEY (`id_admin`) REFERENCES `thanhvien` (`id_thanh_vien`) ON DELETE SET NULL ON UPDATE CASCADE
) ENGINE=InnoDB AUTO_INCREMENT=255 DEFAULT CHARSET=utf8mb4 COLLATE=utf8mb4_unicode_ci;
/*!40101 SET character_set_client = @saved_cs_client */;

--
-- Dumping data for table `adminlog`
--

LOCK TABLES `adminlog` WRITE;
/*!40000 ALTER TABLE `adminlog` DISABLE KEYS */;
INSERT INTO `adminlog` VALUES (252,1,'Đã xác nhận trả sách cho lượt mượn ID: 1229','2025-10-28 05:17:09'),(253,1,'Đã xác nhận trả sách cho lượt mượn ID: 1435','2025-10-28 05:17:54'),(254,4,'Đã sửa thông tin sách \'abc\' (ID: 1154)','2025-12-05 03:27:03');
/*!40000 ALTER TABLE `adminlog` ENABLE KEYS */;
UNLOCK TABLES;

--
-- Table structure for table `binhluan`
--

DROP TABLE IF EXISTS `binhluan`;
/*!40101 SET @saved_cs_client     = @@character_set_client */;
/*!50503 SET character_set_client = utf8mb4 */;
CREATE TABLE `binhluan` (
  `id_binh_luan` int NOT NULL AUTO_INCREMENT,
  `id_sach` int NOT NULL,
  `id_thanh_vien` int NOT NULL,
  `noi_dung` text CHARACTER SET utf8mb4 COLLATE utf8mb4_unicode_ci NOT NULL,
  `ngay_dang` timestamp NULL DEFAULT CURRENT_TIMESTAMP,
  PRIMARY KEY (`id_binh_luan`),
  KEY `id_sach` (`id_sach`),
  KEY `id_thanh_vien` (`id_thanh_vien`),
  CONSTRAINT `binhluan_ibfk_1` FOREIGN KEY (`id_sach`) REFERENCES `sach` (`id_sach`) ON DELETE RESTRICT,
  CONSTRAINT `binhluan_ibfk_2` FOREIGN KEY (`id_thanh_vien`) REFERENCES `thanhvien` (`id_thanh_vien`) ON DELETE RESTRICT
) ENGINE=InnoDB AUTO_INCREMENT=23 DEFAULT CHARSET=utf8mb4 COLLATE=utf8mb4_unicode_ci;
/*!40101 SET character_set_client = @saved_cs_client */;

--
-- Dumping data for table `binhluan`
--

LOCK TABLES `binhluan` WRITE;
/*!40000 ALTER TABLE `binhluan` DISABLE KEYS */;
/*!40000 ALTER TABLE `binhluan` ENABLE KEYS */;
UNLOCK TABLES;

--
-- Table structure for table `caidat`
--

DROP TABLE IF EXISTS `caidat`;
/*!40101 SET @saved_cs_client     = @@character_set_client */;
/*!50503 SET character_set_client = utf8mb4 */;
CREATE TABLE `caidat` (
  `setting_key` varchar(50) CHARACTER SET utf8mb4 COLLATE utf8mb4_unicode_ci NOT NULL,
  `setting_value` varchar(255) CHARACTER SET utf8mb4 COLLATE utf8mb4_unicode_ci NOT NULL,
  PRIMARY KEY (`setting_key`)
) ENGINE=InnoDB DEFAULT CHARSET=utf8mb4 COLLATE=utf8mb4_unicode_ci;
/*!40101 SET character_set_client = @saved_cs_client */;

--
-- Dumping data for table `caidat`
--

LOCK TABLES `caidat` WRITE;
/*!40000 ALTER TABLE `caidat` DISABLE KEYS */;
INSERT INTO `caidat` VALUES ('max_sach_muon_moi_user','10'),('muc_phat_tre_hen','10000'),('thoi_han_gia_han','10');
/*!40000 ALTER TABLE `caidat` ENABLE KEYS */;
UNLOCK TABLES;

--
-- Table structure for table `danhgia`
--

DROP TABLE IF EXISTS `danhgia`;
/*!40101 SET @saved_cs_client     = @@character_set_client */;
/*!50503 SET character_set_client = utf8mb4 */;
CREATE TABLE `danhgia` (
  `id_danh_gia` int NOT NULL AUTO_INCREMENT,
  `id_sach` int NOT NULL,
  `id_thanh_vien` int NOT NULL,
  `diem_so` tinyint unsigned NOT NULL COMMENT 'Điểm đánh giá (1-5)',
  `ngay_danh_gia` timestamp NULL DEFAULT CURRENT_TIMESTAMP ON UPDATE CURRENT_TIMESTAMP,
  PRIMARY KEY (`id_danh_gia`),
  UNIQUE KEY `uq_sach_thanhvien` (`id_sach`,`id_thanh_vien`),
  KEY `fk_danhgia_sach_idx` (`id_sach`),
  KEY `fk_danhgia_thanhvien_idx` (`id_thanh_vien`),
  CONSTRAINT `fk_danhgia_sach` FOREIGN KEY (`id_sach`) REFERENCES `sach` (`id_sach`) ON DELETE CASCADE ON UPDATE CASCADE,
  CONSTRAINT `fk_danhgia_thanhvien` FOREIGN KEY (`id_thanh_vien`) REFERENCES `thanhvien` (`id_thanh_vien`) ON DELETE CASCADE ON UPDATE CASCADE,
  CONSTRAINT `chk_diem_so_range` CHECK ((`diem_so` between 1 and 5))
) ENGINE=InnoDB AUTO_INCREMENT=20 DEFAULT CHARSET=utf8mb4 COLLATE=utf8mb4_unicode_ci;
/*!40101 SET character_set_client = @saved_cs_client */;

--
-- Dumping data for table `danhgia`
--

LOCK TABLES `danhgia` WRITE;
/*!40000 ALTER TABLE `danhgia` DISABLE KEYS */;
/*!40000 ALTER TABLE `danhgia` ENABLE KEYS */;
UNLOCK TABLES;

--
-- Table structure for table `muontra`
--

DROP TABLE IF EXISTS `muontra`;
/*!40101 SET @saved_cs_client     = @@character_set_client */;
/*!50503 SET character_set_client = utf8mb4 */;
CREATE TABLE `muontra` (
  `id_muon_tra` int NOT NULL AUTO_INCREMENT,
  `id_sach` int NOT NULL,
  `id_thanh_vien` int NOT NULL,
  `ngay_muon` date DEFAULT NULL,
  `ngay_hen_tra` date NOT NULL,
  `so_luong` int NOT NULL DEFAULT '1',
  `ngay_tra_thuc` datetime DEFAULT NULL,
  `trang_thai` enum('Đang mượn','Đã trả','Đang chờ','Đã hủy') CHARACTER SET utf8mb4 COLLATE utf8mb4_unicode_ci NOT NULL,
  `tien_phat` decimal(10,2) NOT NULL DEFAULT '0.00',
  PRIMARY KEY (`id_muon_tra`),
  KEY `id_sach` (`id_sach`),
  KEY `id_thanh_vien` (`id_thanh_vien`),
  CONSTRAINT `muontra_ibfk_1` FOREIGN KEY (`id_sach`) REFERENCES `sach` (`id_sach`) ON DELETE RESTRICT ON UPDATE CASCADE,
  CONSTRAINT `muontra_ibfk_2` FOREIGN KEY (`id_thanh_vien`) REFERENCES `thanhvien` (`id_thanh_vien`) ON DELETE RESTRICT ON UPDATE CASCADE
) ENGINE=InnoDB AUTO_INCREMENT=1526 DEFAULT CHARSET=utf8mb4 COLLATE=utf8mb4_unicode_ci;
/*!40101 SET character_set_client = @saved_cs_client */;

--
-- Dumping data for table `muontra`
--

LOCK TABLES `muontra` WRITE;
/*!40000 ALTER TABLE `muontra` DISABLE KEYS */;
INSERT INTO `muontra` VALUES (823,1142,2,'2025-06-25','2025-07-09',1,'2025-07-14 00:00:00','Đã trả',50000.00),(824,1124,2,'2025-05-19','2025-06-02',1,NULL,'Đang mượn',0.00),(825,1115,2,'2025-06-16','2025-06-30',1,'2025-06-26 00:00:00','Đã trả',0.00),(826,1132,2,'2025-06-12','2025-06-26',1,'2025-06-22 00:00:00','Đã trả',0.00),(827,1066,2,'2025-06-14','2025-06-28',1,'2025-06-30 00:00:00','Đã trả',20000.00),(828,1098,2,'2025-02-10','2025-02-24',1,NULL,'Đang mượn',0.00),(829,1090,2,'2025-03-01','2025-03-15',1,'2025-03-18 00:00:00','Đã trả',20000.00),(830,1091,2,'2025-01-02','2025-01-16',1,'2025-01-19 00:00:00','Đã trả',40000.00),(831,1086,2,'2025-07-15','2025-07-29',1,'2025-07-29 00:00:00','Đã trả',0.00),(832,1109,2,'2025-06-17','2025-07-01',1,'2025-07-02 00:00:00','Đã trả',40000.00),(833,1054,2,'2025-08-20','2025-09-03',1,NULL,'Đã hủy',0.00),(834,1076,2,'2025-05-31','2025-06-14',1,'2025-06-17 00:00:00','Đã trả',30000.00),(835,1120,2,'2025-06-26','2025-07-10',1,NULL,'Đã hủy',0.00),(836,1147,2,'2024-12-09','2024-12-23',1,NULL,'Đang chờ',0.00),(837,1061,2,'2025-03-12','2025-03-26',1,NULL,'Đang mượn',0.00),(838,1076,2,'2024-12-17','2024-12-31',1,'2024-12-27 00:00:00','Đã trả',0.00),(839,1106,2,'2025-07-05','2025-07-19',1,'2025-07-21 00:00:00','Đã trả',20000.00),(840,1116,2,'2025-08-27','2025-09-10',1,'2025-09-07 00:00:00','Đã trả',0.00),(841,1098,2,'2024-11-14','2024-11-28',1,NULL,'Đang chờ',0.00),(842,1066,2,'2025-01-14','2025-01-28',1,'2025-01-29 00:00:00','Đã trả',0.00),(843,1132,2,'2025-01-22','2025-02-05',1,'2025-02-01 00:00:00','Đã trả',0.00),(844,1100,2,'2025-02-28','2025-03-14',1,'2025-03-17 00:00:00','Đã trả',50000.00),(845,1092,2,'2025-04-10','2025-04-24',1,NULL,'Đang chờ',0.00),(846,1117,2,'2025-10-02','2025-10-16',1,'2025-10-13 00:00:00','Đã trả',0.00),(847,1145,2,'2025-08-26','2025-09-09',1,'2025-09-15 00:00:00','Đã trả',0.00),(848,1090,2,'2025-01-13','2025-01-27',1,'2025-01-28 00:00:00','Đã trả',0.00),(849,1072,2,'2025-01-11','2025-01-25',1,'2025-01-26 00:00:00','Đã trả',20000.00),(850,1144,2,'2025-08-02','2025-08-16',1,NULL,'Đang chờ',0.00),(851,1105,2,'2025-05-23','2025-06-06',1,NULL,'Đang chờ',0.00),(852,1151,2,'2024-11-03','2024-11-17',1,'2024-11-16 00:00:00','Đã trả',0.00),(853,1095,2,'2025-08-31','2025-09-14',1,'2025-09-12 00:00:00','Đã trả',0.00),(854,1077,2,'2025-02-18','2025-03-04',1,'2025-03-08 00:00:00','Đã trả',50000.00),(855,1076,2,'2025-01-21','2025-02-04',1,NULL,'Đã hủy',0.00),(856,1149,2,'2025-03-12','2025-03-26',1,'2025-04-01 00:00:00','Đã trả',50000.00),(857,1146,2,'2025-05-03','2025-05-17',1,'2025-05-14 00:00:00','Đã trả',0.00),(858,1128,2,'2025-08-20','2025-09-03',1,'2025-09-03 00:00:00','Đã trả',0.00),(859,1139,2,'2025-05-18','2025-06-01',1,'2025-06-05 00:00:00','Đã trả',50000.00),(860,1095,2,'2025-06-16','2025-06-30',1,'2025-07-02 00:00:00','Đã trả',50000.00),(861,1054,2,'2025-05-11','2025-05-25',1,NULL,'Đang mượn',0.00),(862,1135,2,'2024-11-09','2024-11-23',1,'2024-11-22 00:00:00','Đã trả',0.00),(863,1079,2,'2024-12-21','2025-01-04',1,NULL,'Đang chờ',0.00),(864,1143,2,'2024-12-14','2024-12-28',1,'2024-12-31 00:00:00','Đã trả',50000.00),(865,1076,2,'2025-06-02','2025-06-16',1,'2025-06-19 00:00:00','Đã trả',20000.00),(866,1154,2,'2025-06-21','2025-07-05',1,'2025-07-05 00:00:00','Đã trả',0.00),(867,1116,2,'2025-06-23','2025-07-07',1,'2025-07-08 00:00:00','Đã trả',10000.00),(868,1108,2,'2024-12-27','2025-01-10',1,NULL,'Đang mượn',0.00),(869,1150,2,'2025-01-16','2025-01-30',1,'2025-01-30 00:00:00','Đã trả',0.00),(870,1063,2,'2025-06-05','2025-06-19',1,'2025-06-23 00:00:00','Đã trả',50000.00),(871,1124,2,'2025-07-28','2025-08-11',1,NULL,'Đang mượn',0.00),(872,1091,2,'2025-06-26','2025-07-10',1,'2025-07-10 00:00:00','Đã trả',0.00),(873,1092,2,'2025-03-02','2025-03-16',1,NULL,'Đang mượn',0.00),(874,1093,2,'2025-06-10','2025-06-24',1,NULL,'Đang mượn',0.00),(875,1123,2,'2025-08-15','2025-08-29',1,NULL,'Đang mượn',0.00),(876,1114,2,'2025-08-19','2025-09-02',1,NULL,'Đang chờ',0.00),(877,1121,2,'2025-02-07','2025-02-21',1,'2025-02-19 00:00:00','Đã trả',0.00),(878,1145,2,'2025-08-23','2025-09-06',1,'2025-09-11 00:00:00','Đã trả',40000.00),(879,1129,2,'2025-07-12','2025-07-26',1,NULL,'Đang chờ',0.00),(880,1078,2,'2024-11-28','2024-12-12',1,'2024-12-18 00:00:00','Đã trả',30000.00),(881,1086,2,'2025-04-18','2025-05-02',1,'2025-05-06 00:00:00','Đã trả',40000.00),(882,1111,2,'2024-11-10','2024-11-24',1,'2024-11-28 00:00:00','Đã trả',50000.00),(883,1147,2,'2025-01-11','2025-01-25',1,'2025-01-31 00:00:00','Đã trả',50000.00),(884,1133,2,'2025-02-26','2025-03-12',1,NULL,'Đã hủy',0.00),(885,1113,2,'2024-10-31','2024-11-14',1,'2024-11-14 00:00:00','Đã trả',0.00),(886,1100,2,'2024-11-20','2024-12-04',1,'2024-12-10 00:00:00','Đã trả',50000.00),(887,1085,2,'2024-12-05','2024-12-19',1,'2024-12-15 00:00:00','Đã trả',0.00),(888,1089,2,'2025-02-04','2025-02-18',1,'2025-02-19 00:00:00','Đã trả',50000.00),(889,1148,2,'2025-08-31','2025-09-14',1,NULL,'Đang mượn',0.00),(890,1064,2,'2025-02-18','2025-03-04',1,'2025-03-01 00:00:00','Đã trả',0.00),(891,1063,2,'2025-01-18','2025-02-01',1,'2025-02-02 00:00:00','Đã trả',50000.00),(892,1068,2,'2025-08-02','2025-08-16',1,'2025-08-15 00:00:00','Đã trả',0.00),(893,1127,2,'2025-09-12','2025-09-26',1,'2025-09-30 00:00:00','Đã trả',20000.00),(894,1069,2,'2025-05-18','2025-06-01',1,NULL,'Đang chờ',0.00),(895,1121,2,'2025-04-22','2025-05-06',1,NULL,'Đang mượn',0.00),(896,1073,2,'2025-01-09','2025-01-23',1,'2025-01-25 00:00:00','Đã trả',0.00),(897,1064,2,'2024-12-25','2025-01-08',1,'2025-01-12 00:00:00','Đã trả',30000.00),(898,1143,2,'2025-02-04','2025-02-18',1,'2025-02-17 00:00:00','Đã trả',0.00),(899,1115,2,'2025-07-24','2025-08-07',1,'2025-08-08 00:00:00','Đã trả',40000.00),(900,1115,2,'2025-01-04','2025-01-18',1,NULL,'Đang mượn',0.00),(901,1140,2,'2025-05-19','2025-06-02',1,'2025-06-04 00:00:00','Đã trả',20000.00),(902,1091,2,'2025-03-23','2025-04-06',1,NULL,'Đang mượn',0.00),(903,1065,2,'2024-12-07','2024-12-21',1,'2024-12-25 00:00:00','Đã trả',40000.00),(904,1111,2,'2025-08-07','2025-08-21',1,NULL,'Đang mượn',0.00),(905,1139,2,'2025-01-17','2025-01-31',1,'2025-01-30 00:00:00','Đã trả',0.00),(906,1137,2,'2024-12-15','2024-12-29',1,'2025-01-04 00:00:00','Đã trả',20000.00),(907,1140,2,'2025-08-25','2025-09-08',1,NULL,'Đang chờ',0.00),(908,1085,2,'2025-03-14','2025-03-28',1,NULL,'Đang chờ',0.00),(909,1068,2,'2024-11-25','2024-12-09',1,NULL,'Đang mượn',0.00),(910,1140,2,'2025-01-31','2025-02-14',1,NULL,'Đang mượn',0.00),(911,1067,2,'2025-03-11','2025-03-25',1,NULL,'Đang mượn',0.00),(912,1087,2,'2025-06-25','2025-07-09',1,NULL,'Đang chờ',0.00),(913,1059,2,'2025-05-07','2025-05-21',1,'2025-05-27 00:00:00','Đã trả',30000.00),(914,1083,2,'2025-07-03','2025-07-17',1,NULL,'Đã hủy',0.00),(915,1067,2,'2025-07-22','2025-08-05',1,'2025-08-01 00:00:00','Đã trả',0.00),(916,1075,2,'2025-06-20','2025-07-04',1,'2025-07-08 00:00:00','Đã trả',20000.00),(917,1072,2,'2025-06-25','2025-07-09',1,NULL,'Đang mượn',0.00),(918,1102,2,'2025-01-30','2025-02-13',1,'2025-02-09 00:00:00','Đã trả',0.00),(919,1135,2,'2025-07-22','2025-08-05',1,'2025-08-08 00:00:00','Đã trả',30000.00),(920,1055,2,'2025-06-16','2025-06-30',1,'2025-07-05 00:00:00','Đã trả',30000.00),(921,1154,2,'2024-12-23','2025-01-06',1,'2025-01-12 00:00:00','Đã trả',10000.00),(922,1133,2,'2025-06-17','2025-07-01',1,'2025-06-27 00:00:00','Đã trả',0.00),(923,1094,2,'2025-05-23','2025-06-06',1,'2025-06-04 00:00:00','Đã trả',0.00),(924,1131,2,'2025-05-13','2025-05-27',1,'2025-05-26 00:00:00','Đã trả',0.00),(925,1143,2,'2024-12-26','2025-01-09',1,'2025-01-08 00:00:00','Đã trả',0.00),(926,1074,2,'2025-07-28','2025-08-11',1,NULL,'Đã hủy',0.00),(927,1065,2,'2025-04-12','2025-04-26',1,NULL,'Đang mượn',0.00),(928,1080,2,'2025-09-16','2025-09-30',1,'2025-10-04 00:00:00','Đã trả',30000.00),(929,1153,2,'2025-09-28','2025-10-12',1,'2025-10-11 00:00:00','Đã trả',0.00),(930,1140,2,'2025-07-18','2025-08-01',1,NULL,'Đã hủy',0.00),(931,1124,2,'2025-01-24','2025-02-07',1,'2025-02-06 00:00:00','Đã trả',0.00),(932,1094,2,'2025-02-26','2025-03-12',1,NULL,'Đang mượn',0.00),(933,1103,2,'2025-06-19','2025-07-03',1,'2025-07-06 00:00:00','Đã trả',0.00),(934,1154,2,'2025-01-16','2025-01-30',1,NULL,'Đang mượn',0.00),(935,1085,2,'2025-03-17','2025-03-31',1,'2025-04-02 00:00:00','Đã trả',50000.00),(936,1088,2,'2025-05-20','2025-06-03',1,'2025-06-05 00:00:00','Đã trả',20000.00),(937,1064,2,'2024-12-02','2024-12-16',1,NULL,'Đang mượn',0.00),(938,1068,2,'2025-07-26','2025-08-09',1,NULL,'Đang chờ',0.00),(939,1132,2,'2025-05-12','2025-05-26',1,'2025-05-30 00:00:00','Đã trả',20000.00),(940,1101,2,'2025-03-09','2025-03-23',1,NULL,'Đang mượn',0.00),(941,1067,2,'2025-02-24','2025-03-10',1,'2025-03-08 00:00:00','Đã trả',0.00),(942,1153,2,'2025-07-06','2025-07-20',1,'2025-07-16 00:00:00','Đã trả',0.00),(943,1088,2,'2025-04-28','2025-05-12',1,NULL,'Đang chờ',0.00),(944,1134,2,'2025-06-11','2025-06-25',1,NULL,'Đã hủy',0.00),(945,1154,2,'2025-08-30','2025-09-13',1,'2025-09-16 00:00:00','Đã trả',50000.00),(946,1138,2,'2025-01-31','2025-02-14',1,'2025-02-13 00:00:00','Đã trả',0.00),(947,1088,2,'2024-12-04','2024-12-18',1,'2024-12-16 00:00:00','Đã trả',0.00),(948,1100,2,'2025-02-28','2025-03-14',1,NULL,'Đang mượn',0.00),(949,1137,2,'2025-01-25','2025-02-08',1,NULL,'Đang mượn',0.00),(950,1113,2,'2025-09-01','2025-09-15',1,'2025-09-12 00:00:00','Đã trả',0.00),(951,1148,2,'2025-05-29','2025-06-12',1,NULL,'Đang chờ',0.00),(952,1076,2,'2024-11-08','2024-11-22',1,'2024-11-26 00:00:00','Đã trả',20000.00),(953,1114,2,'2025-03-03','2025-03-17',1,'2025-03-20 00:00:00','Đã trả',30000.00),(954,1062,2,'2024-11-03','2024-11-17',1,'2024-11-22 00:00:00','Đã trả',10000.00),(955,1106,2,'2025-08-24','2025-09-07',1,NULL,'Đang mượn',0.00),(956,1058,2,'2025-06-11','2025-06-25',1,'2025-06-24 00:00:00','Đã trả',0.00),(957,1093,2,'2025-01-12','2025-01-26',1,NULL,'Đang mượn',0.00),(958,1110,2,'2025-09-22','2025-10-06',1,'2025-10-07 00:00:00','Đã trả',20000.00),(959,1070,2,'2025-08-22','2025-09-05',1,'2025-09-03 00:00:00','Đã trả',0.00),(960,1083,2,'2025-09-01','2025-09-15',1,NULL,'Đang mượn',0.00),(961,1128,2,'2025-01-05','2025-01-19',1,NULL,'Đang chờ',0.00),(962,1107,2,'2025-02-23','2025-03-09',1,'2025-03-14 00:00:00','Đã trả',50000.00),(963,1107,2,'2025-07-14','2025-07-28',1,'2025-07-28 00:00:00','Đã trả',0.00),(964,1112,2,'2024-11-20','2024-12-04',1,'2024-12-10 00:00:00','Đã trả',40000.00),(965,1084,2,'2025-01-14','2025-01-28',1,NULL,'Đang chờ',0.00),(966,1122,2,'2025-07-05','2025-07-19',1,NULL,'Đã hủy',0.00),(967,1107,2,'2025-05-31','2025-06-14',1,'2025-06-15 00:00:00','Đã trả',10000.00),(968,1088,2,'2024-11-22','2024-12-06',1,NULL,'Đang mượn',0.00),(969,1149,2,'2025-04-15','2025-04-29',1,NULL,'Đang mượn',0.00),(970,1136,2,'2025-03-26','2025-04-09',1,'2025-04-13 00:00:00','Đã trả',30000.00),(971,1076,2,'2025-03-12','2025-03-26',1,'2025-03-29 00:00:00','Đã trả',20000.00),(972,1123,2,'2025-03-07','2025-03-21',1,'2025-03-23 00:00:00','Đã trả',20000.00),(973,1141,2,'2025-09-25','2025-10-09',1,'2025-10-11 00:00:00','Đã trả',0.00),(974,1066,2,'2025-05-16','2025-05-30',1,NULL,'Đang chờ',0.00),(975,1125,2,'2025-07-01','2025-07-15',1,NULL,'Đang mượn',0.00),(976,1069,2,'2025-09-10','2025-09-24',1,'2025-09-29 00:00:00','Đã trả',0.00),(977,1100,2,'2025-01-24','2025-02-07',1,NULL,'Đang mượn',0.00),(978,1136,2,'2025-01-15','2025-01-29',1,'2025-01-25 00:00:00','Đã trả',0.00),(979,1104,2,'2025-01-29','2025-02-12',1,'2025-02-11 00:00:00','Đã trả',0.00),(980,1142,2,'2025-03-11','2025-03-25',1,NULL,'Đang mượn',0.00),(981,1142,2,'2025-01-28','2025-02-11',1,NULL,'Đang mượn',0.00),(982,1074,2,'2025-01-23','2025-02-06',1,NULL,'Đang chờ',0.00),(983,1149,2,'2025-02-25','2025-03-11',1,NULL,'Đang chờ',0.00),(984,1127,2,'2025-07-22','2025-08-05',1,'2025-08-06 00:00:00','Đã trả',10000.00),(985,1083,2,'2025-05-12','2025-05-26',1,'2025-05-23 00:00:00','Đã trả',0.00),(986,1118,2,'2025-05-23','2025-06-06',1,'2025-06-11 00:00:00','Đã trả',20000.00),(987,1137,2,'2025-08-03','2025-08-17',1,'2025-08-18 00:00:00','Đã trả',10000.00),(988,1097,2,'2025-07-31','2025-08-14',1,'2025-08-11 00:00:00','Đã trả',0.00),(989,1147,2,'2025-08-21','2025-09-04',1,'2025-09-05 00:00:00','Đã trả',50000.00),(990,1131,2,'2025-08-03','2025-08-17',1,NULL,'Đang mượn',0.00),(991,1077,2,'2025-04-23','2025-05-07',1,'2025-05-05 00:00:00','Đã trả',0.00),(992,1134,2,'2024-11-05','2024-11-19',1,NULL,'Đang mượn',0.00),(993,1118,2,'2024-12-06','2024-12-20',1,'2024-12-16 00:00:00','Đã trả',0.00),(994,1070,2,'2025-05-09','2025-05-23',1,'2025-05-23 00:00:00','Đã trả',0.00),(995,1126,2,'2025-07-04','2025-07-18',1,'2025-07-21 00:00:00','Đã trả',0.00),(996,1127,2,'2025-07-31','2025-08-14',1,NULL,'Đang chờ',0.00),(997,1132,2,'2025-07-05','2025-07-19',1,'2025-07-17 00:00:00','Đã trả',0.00),(998,1061,2,'2025-04-16','2025-04-30',1,'2025-04-28 00:00:00','Đã trả',0.00),(999,1100,2,'2025-06-17','2025-07-01',1,NULL,'Đã hủy',0.00),(1000,1077,2,'2025-08-25','2025-09-08',1,'2025-09-14 00:00:00','Đã trả',40000.00),(1001,1147,2,'2025-05-13','2025-05-27',1,NULL,'Đang mượn',0.00),(1002,1127,2,'2025-08-18','2025-09-01',1,'2025-09-06 00:00:00','Đã trả',50000.00),(1003,1133,2,'2025-09-06','2025-09-20',1,'2025-09-17 00:00:00','Đã trả',0.00),(1004,1100,2,'2025-08-15','2025-08-29',1,'2025-09-02 00:00:00','Đã trả',30000.00),(1005,1076,2,'2025-02-02','2025-02-16',1,NULL,'Đang mượn',0.00),(1006,1112,2,'2025-10-04','2025-10-18',1,NULL,'Đang mượn',0.00),(1007,1096,2,'2025-06-07','2025-06-21',1,'2025-06-18 00:00:00','Đã trả',0.00),(1008,1094,2,'2025-03-08','2025-03-22',1,'2025-03-23 00:00:00','Đã trả',30000.00),(1009,1063,2,'2024-11-23','2024-12-07',1,NULL,'Đang mượn',0.00),(1010,1148,2,'2024-12-08','2024-12-22',1,'2024-12-22 00:00:00','Đã trả',0.00),(1011,1105,2,'2025-04-24','2025-05-08',1,'2025-05-10 00:00:00','Đã trả',40000.00),(1012,1090,2,'2025-01-28','2025-02-11',1,NULL,'Đang mượn',0.00),(1013,1064,2,'2025-09-10','2025-09-24',1,'2025-09-20 00:00:00','Đã trả',0.00),(1014,1148,2,'2025-08-16','2025-08-30',1,NULL,'Đang mượn',0.00),(1015,1147,2,'2025-03-07','2025-03-21',1,'2025-03-23 00:00:00','Đã trả',40000.00),(1016,1083,2,'2025-02-26','2025-03-12',1,'2025-03-16 00:00:00','Đã trả',20000.00),(1017,1100,2,'2025-03-02','2025-03-16',1,'2025-03-17 00:00:00','Đã trả',40000.00),(1018,1083,2,'2024-11-20','2024-12-04',1,'2024-12-05 00:00:00','Đã trả',0.00),(1019,1081,2,'2025-02-22','2025-03-08',1,'2025-03-11 00:00:00','Đã trả',20000.00),(1020,1094,2,'2025-02-13','2025-02-27',1,'2025-03-04 00:00:00','Đã trả',20000.00),(1021,1113,2,'2025-04-16','2025-04-30',1,'2025-05-03 00:00:00','Đã trả',0.00),(1022,1076,2,'2025-08-17','2025-08-31',1,'2025-09-06 00:00:00','Đã trả',10000.00),(1023,1102,2,'2025-04-23','2025-05-07',1,NULL,'Đang chờ',0.00),(1024,1057,2,'2025-06-07','2025-06-21',1,'2025-06-24 00:00:00','Đã trả',30000.00),(1025,1086,2,'2025-07-06','2025-07-20',1,NULL,'Đang chờ',0.00),(1026,1131,2,'2025-04-15','2025-04-29',1,'2025-04-25 00:00:00','Đã trả',0.00),(1027,1153,2,'2025-08-09','2025-08-23',1,'2025-08-28 00:00:00','Đã trả',10000.00),(1028,1099,2,'2025-09-11','2025-09-25',1,NULL,'Đang chờ',0.00),(1029,1081,2,'2025-04-01','2025-04-15',1,NULL,'Đang mượn',0.00),(1030,1143,2,'2024-12-01','2024-12-15',1,'2024-12-15 00:00:00','Đã trả',0.00),(1031,1143,2,'2025-10-05','2025-10-19',1,NULL,'Đang chờ',0.00),(1032,1070,2,'2024-12-31','2025-01-14',1,'2025-01-16 00:00:00','Đã trả',30000.00),(1033,1102,2,'2025-03-03','2025-03-17',1,'2025-03-16 00:00:00','Đã trả',0.00),(1034,1070,2,'2025-03-24','2025-04-07',1,'2025-04-09 00:00:00','Đã trả',10000.00),(1035,1112,2,'2024-11-14','2024-11-28',1,NULL,'Đang mượn',0.00),(1036,1112,2,'2025-08-20','2025-09-03',1,'2025-09-02 00:00:00','Đã trả',0.00),(1037,1149,2,'2025-09-01','2025-09-15',1,NULL,'Đang mượn',0.00),(1038,1103,2,'2025-09-08','2025-09-22',1,NULL,'Đang mượn',0.00),(1039,1146,2,'2025-01-31','2025-02-14',1,'2025-02-15 00:00:00','Đã trả',50000.00),(1040,1076,2,'2025-08-11','2025-08-25',1,'2025-08-31 00:00:00','Đã trả',10000.00),(1041,1116,2,'2025-04-25','2025-05-09',1,NULL,'Đang mượn',0.00),(1042,1096,2,'2025-10-06','2025-10-20',1,'2025-10-20 00:00:00','Đã trả',0.00),(1043,1099,2,'2025-07-09','2025-07-23',1,NULL,'Đã hủy',0.00),(1044,1145,2,'2025-08-10','2025-08-24',1,NULL,'Đang mượn',0.00),(1045,1061,2,'2025-07-02','2025-07-16',1,'2025-07-15 00:00:00','Đã trả',0.00),(1046,1108,2,'2025-06-04','2025-06-18',1,NULL,'Đang chờ',0.00),(1047,1084,2,'2025-07-25','2025-08-08',1,'2025-08-14 00:00:00','Đã trả',50000.00),(1048,1145,2,'2024-11-28','2024-12-12',1,'2024-12-14 00:00:00','Đã trả',10000.00),(1049,1129,2,'2025-05-23','2025-06-06',1,NULL,'Đang mượn',0.00),(1050,1139,2,'2025-06-13','2025-06-27',1,NULL,'Đã hủy',0.00),(1051,1086,2,'2025-05-07','2025-05-21',1,NULL,'Đang chờ',0.00),(1052,1136,2,'2024-12-23','2025-01-06',1,NULL,'Đang mượn',0.00),(1053,1093,2,'2025-06-15','2025-06-29',1,NULL,'Đã hủy',0.00),(1054,1072,2,'2025-05-24','2025-06-07',1,'2025-06-09 00:00:00','Đã trả',20000.00),(1055,1058,2,'2025-09-16','2025-09-30',1,'2025-09-29 00:00:00','Đã trả',0.00),(1056,1114,2,'2025-02-04','2025-02-18',1,'2025-02-14 00:00:00','Đã trả',0.00),(1057,1079,2,'2025-01-31','2025-02-14',1,NULL,'Đang mượn',0.00),(1058,1132,2,'2024-12-26','2025-01-09',1,'2025-01-14 00:00:00','Đã trả',50000.00),(1059,1102,2,'2025-01-07','2025-01-21',1,'2025-01-22 00:00:00','Đã trả',30000.00),(1060,1118,2,'2024-11-16','2024-11-30',1,'2024-12-06 00:00:00','Đã trả',0.00),(1061,1154,2,'2025-02-03','2025-02-17',1,NULL,'Đang mượn',0.00),(1062,1094,2,'2025-05-24','2025-06-07',1,'2025-06-09 00:00:00','Đã trả',10000.00),(1063,1085,2,'2025-05-03','2025-05-17',1,'2025-05-15 00:00:00','Đã trả',0.00),(1064,1137,2,'2025-09-20','2025-10-04',1,NULL,'Đã hủy',0.00),(1065,1130,2,'2025-07-03','2025-07-17',1,'2025-07-13 00:00:00','Đã trả',0.00),(1066,1127,2,'2025-06-29','2025-07-13',1,'2025-07-17 00:00:00','Đã trả',40000.00),(1067,1126,2,'2025-07-28','2025-08-11',1,'2025-08-16 00:00:00','Đã trả',20000.00),(1068,1119,2,'2024-12-17','2024-12-31',1,NULL,'Đang mượn',0.00),(1069,1063,2,'2025-05-31','2025-06-14',1,NULL,'Đang mượn',0.00),(1070,1095,2,'2025-09-11','2025-09-25',1,NULL,'Đang chờ',0.00),(1071,1133,2,'2024-11-19','2024-12-03',1,'2024-12-08 00:00:00','Đã trả',20000.00),(1072,1152,2,'2025-02-22','2025-03-08',1,'2025-03-10 00:00:00','Đã trả',10000.00),(1073,1119,2,'2025-05-14','2025-05-28',1,'2025-05-29 00:00:00','Đã trả',40000.00),(1074,1147,2,'2025-03-17','2025-03-31',1,'2025-04-01 00:00:00','Đã trả',0.00),(1075,1120,2,'2025-05-14','2025-05-28',1,NULL,'Đang chờ',0.00),(1076,1103,2,'2025-01-01','2025-01-15',1,'2025-01-14 00:00:00','Đã trả',0.00),(1077,1154,2,'2025-02-06','2025-02-20',1,'2025-02-24 00:00:00','Đã trả',0.00),(1078,1153,2,'2025-01-12','2025-01-26',1,'2025-01-25 00:00:00','Đã trả',0.00),(1079,1128,2,'2025-04-14','2025-04-28',1,'2025-04-30 00:00:00','Đã trả',40000.00),(1080,1146,2,'2025-05-27','2025-06-10',1,NULL,'Đang mượn',0.00),(1081,1063,2,'2025-09-19','2025-10-03',1,'2025-10-04 00:00:00','Đã trả',10000.00),(1082,1079,2,'2025-07-13','2025-07-27',1,'2025-07-29 00:00:00','Đã trả',30000.00),(1083,1148,2,'2024-12-10','2024-12-24',1,NULL,'Đã hủy',0.00),(1084,1131,2,'2025-06-09','2025-06-23',1,'2025-06-26 00:00:00','Đã trả',0.00),(1085,1060,2,'2025-01-07','2025-01-21',1,NULL,'Đang mượn',0.00),(1086,1146,2,'2024-11-18','2024-12-02',1,'2024-12-04 00:00:00','Đã trả',30000.00),(1087,1060,2,'2025-08-25','2025-09-08',1,NULL,'Đang chờ',0.00),(1088,1090,2,'2025-08-26','2025-09-09',1,NULL,'Đang mượn',0.00),(1089,1150,2,'2024-11-16','2024-11-30',1,'2024-11-28 00:00:00','Đã trả',0.00),(1090,1093,2,'2024-11-15','2024-11-29',1,'2024-11-28 00:00:00','Đã trả',0.00),(1091,1141,2,'2025-09-15','2025-09-29',1,'2025-10-03 00:00:00','Đã trả',30000.00),(1092,1105,2,'2024-11-21','2024-12-05',1,'2024-12-08 00:00:00','Đã trả',30000.00),(1093,1059,2,'2025-08-18','2025-09-01',1,NULL,'Đã hủy',0.00),(1094,1085,2,'2025-01-25','2025-02-08',1,'2025-02-07 00:00:00','Đã trả',0.00),(1095,1105,2,'2025-01-12','2025-01-26',1,NULL,'Đang chờ',0.00),(1096,1092,2,'2024-11-14','2024-11-28',1,NULL,'Đang chờ',0.00),(1097,1096,2,'2025-01-14','2025-01-28',1,'2025-01-24 00:00:00','Đã trả',0.00),(1098,1074,2,'2025-06-30','2025-07-14',1,'2025-07-10 00:00:00','Đã trả',0.00),(1099,1087,2,'2025-04-19','2025-05-03',1,'2025-05-03 00:00:00','Đã trả',0.00),(1100,1098,2,'2025-04-19','2025-05-03',1,'2025-05-01 00:00:00','Đã trả',0.00),(1101,1059,2,'2025-07-12','2025-07-26',1,'2025-07-28 00:00:00','Đã trả',30000.00),(1102,1059,2,'2025-01-02','2025-01-16',1,NULL,'Đang chờ',0.00),(1103,1086,2,'2025-04-29','2025-05-13',1,NULL,'Đang mượn',0.00),(1104,1055,2,'2025-01-02','2025-01-16',1,'2025-01-15 00:00:00','Đã trả',0.00),(1105,1076,2,'2025-03-17','2025-03-31',1,'2025-04-05 00:00:00','Đã trả',50000.00),(1106,1110,2,'2025-04-07','2025-04-21',1,NULL,'Đang mượn',0.00),(1107,1072,2,'2024-12-21','2025-01-04',1,'2025-01-03 00:00:00','Đã trả',0.00),(1108,1109,2,'2025-09-21','2025-10-05',1,NULL,'Đang mượn',0.00),(1109,1152,2,'2025-03-16','2025-03-30',1,NULL,'Đang mượn',0.00),(1110,1056,2,'2025-01-25','2025-02-08',1,NULL,'Đang mượn',0.00),(1111,1082,2,'2025-05-12','2025-05-26',1,NULL,'Đang chờ',0.00),(1112,1090,2,'2025-06-03','2025-06-17',1,NULL,'Đang chờ',0.00),(1113,1066,2,'2025-01-06','2025-01-20',1,NULL,'Đang mượn',0.00),(1114,1125,2,'2025-02-20','2025-03-06',1,'2025-03-10 00:00:00','Đã trả',40000.00),(1115,1098,2,'2024-11-05','2024-11-19',1,'2024-11-15 00:00:00','Đã trả',0.00),(1116,1108,2,'2025-05-08','2025-05-22',1,NULL,'Đang chờ',0.00),(1117,1140,2,'2024-11-21','2024-12-05',1,'2024-12-03 00:00:00','Đã trả',0.00),(1118,1136,2,'2025-07-10','2025-07-24',1,NULL,'Đang chờ',0.00),(1119,1102,2,'2025-04-13','2025-04-27',1,'2025-04-25 00:00:00','Đã trả',0.00),(1120,1120,2,'2025-04-12','2025-04-26',1,NULL,'Đang chờ',0.00),(1121,1101,2,'2025-07-04','2025-07-18',1,NULL,'Đang mượn',0.00),(1122,1106,2,'2024-11-04','2024-11-18',1,'2024-11-24 00:00:00','Đã trả',0.00),(1123,1075,2,'2025-01-04','2025-01-18',1,'2025-01-18 00:00:00','Đã trả',0.00),(1124,1073,2,'2025-05-22','2025-06-05',1,'2025-06-05 00:00:00','Đã trả',0.00),(1125,1082,2,'2025-06-23','2025-07-07',1,NULL,'Đang mượn',0.00),(1126,1073,2,'2025-04-23','2025-05-07',1,'2025-05-03 00:00:00','Đã trả',0.00),(1127,1096,2,'2025-08-27','2025-09-10',1,NULL,'Đang chờ',0.00),(1128,1090,2,'2024-11-15','2024-11-29',1,'2024-11-27 00:00:00','Đã trả',0.00),(1129,1138,2,'2025-10-06','2025-10-20',1,NULL,'Đang chờ',0.00),(1130,1100,2,'2025-03-12','2025-03-26',1,NULL,'Đang chờ',0.00),(1131,1110,2,'2025-07-13','2025-07-27',1,'2025-07-24 00:00:00','Đã trả',0.00),(1132,1067,2,'2024-12-07','2024-12-21',1,'2024-12-26 00:00:00','Đã trả',10000.00),(1133,1138,2,'2025-03-16','2025-03-30',1,'2025-03-29 00:00:00','Đã trả',0.00),(1134,1064,2,'2025-02-08','2025-02-22',1,'2025-02-20 00:00:00','Đã trả',0.00),(1135,1113,2,'2024-12-03','2024-12-17',1,'2024-12-22 00:00:00','Đã trả',20000.00),(1136,1069,2,'2024-11-02','2024-11-16',1,'2024-11-15 00:00:00','Đã trả',0.00),(1137,1093,2,'2025-06-15','2025-06-29',1,'2025-06-30 00:00:00','Đã trả',30000.00),(1138,1125,2,'2025-01-11','2025-01-25',1,'2025-01-29 00:00:00','Đã trả',20000.00),(1139,1128,2,'2025-08-05','2025-08-19',1,'2025-08-16 00:00:00','Đã trả',0.00),(1140,1075,2,'2025-03-16','2025-03-30',1,NULL,'Đang mượn',0.00),(1141,1076,2,'2025-05-27','2025-06-10',1,'2025-06-09 00:00:00','Đã trả',0.00),(1142,1142,2,'2024-12-08','2024-12-22',1,'2024-12-23 00:00:00','Đã trả',30000.00),(1143,1115,2,'2025-08-02','2025-08-16',1,'2025-08-17 00:00:00','Đã trả',20000.00),(1144,1128,2,'2025-08-25','2025-09-08',1,NULL,'Đang chờ',0.00),(1145,1084,2,'2025-05-19','2025-06-02',1,'2025-05-31 00:00:00','Đã trả',0.00),(1146,1121,2,'2025-06-28','2025-07-12',1,'2025-07-12 00:00:00','Đã trả',0.00),(1147,1098,2,'2025-06-06','2025-06-20',1,NULL,'Đang mượn',0.00),(1148,1146,2,'2025-06-19','2025-07-03',1,'2025-07-09 00:00:00','Đã trả',50000.00),(1149,1149,2,'2025-08-17','2025-08-31',1,NULL,'Đang mượn',0.00),(1150,1144,2,'2025-07-12','2025-07-26',1,'2025-07-22 00:00:00','Đã trả',0.00),(1151,1119,2,'2025-04-22','2025-05-06',1,NULL,'Đang chờ',0.00),(1152,1091,2,'2024-11-26','2024-12-10',1,'2024-12-15 00:00:00','Đã trả',50000.00),(1153,1082,2,'2024-11-30','2024-12-14',1,'2024-12-18 00:00:00','Đã trả',40000.00),(1154,1094,2,'2025-06-17','2025-07-01',1,NULL,'Đang mượn',0.00),(1155,1089,2,'2025-01-03','2025-01-17',1,'2025-01-19 00:00:00','Đã trả',30000.00),(1156,1076,2,'2024-12-03','2024-12-17',1,'2024-12-23 00:00:00','Đã trả',20000.00),(1157,1058,2,'2025-03-11','2025-03-25',1,NULL,'Đang mượn',0.00),(1158,1074,2,'2024-11-22','2024-12-06',1,NULL,'Đang mượn',0.00),(1159,1074,2,'2025-04-29','2025-05-13',1,'2025-05-11 00:00:00','Đã trả',0.00),(1160,1084,2,'2025-05-31','2025-06-14',1,'2025-06-16 00:00:00','Đã trả',30000.00),(1161,1097,2,'2025-03-06','2025-03-20',1,'2025-03-19 00:00:00','Đã trả',0.00),(1162,1108,2,'2024-11-21','2024-12-05',1,'2024-12-07 00:00:00','Đã trả',30000.00),(1163,1078,2,'2025-04-20','2025-05-04',1,NULL,'Đang mượn',0.00),(1164,1108,2,'2025-04-04','2025-04-18',1,'2025-04-15 00:00:00','Đã trả',0.00),(1165,1078,2,'2025-01-20','2025-02-03',1,'2025-02-05 00:00:00','Đã trả',40000.00),(1166,1101,2,'2025-04-21','2025-05-05',1,'2025-05-05 00:00:00','Đã trả',0.00),(1167,1081,2,'2025-09-26','2025-10-10',1,'2025-10-11 00:00:00','Đã trả',30000.00),(1168,1065,2,'2025-01-31','2025-02-14',1,'2025-02-14 00:00:00','Đã trả',0.00),(1169,1123,2,'2025-01-16','2025-01-30',1,NULL,'Đang mượn',0.00),(1170,1056,2,'2024-12-13','2024-12-27',1,'2024-12-24 00:00:00','Đã trả',0.00),(1171,1141,2,'2024-11-19','2024-12-03',1,'2024-12-04 00:00:00','Đã trả',40000.00),(1172,1102,2,'2024-11-02','2024-11-16',1,'2024-11-21 00:00:00','Đã trả',10000.00),(1173,1057,2,'2025-05-31','2025-06-14',1,NULL,'Đang chờ',0.00),(1174,1121,2,'2025-03-31','2025-04-14',1,NULL,'Đang chờ',0.00),(1175,1094,2,'2025-05-24','2025-06-07',1,'2025-06-13 00:00:00','Đã trả',50000.00),(1176,1122,2,'2025-08-18','2025-09-01',1,'2025-08-30 00:00:00','Đã trả',0.00),(1177,1146,2,'2025-07-10','2025-07-24',1,'2025-07-25 00:00:00','Đã trả',0.00),(1178,1148,2,'2025-03-14','2025-03-28',1,'2025-03-31 00:00:00','Đã trả',20000.00),(1179,1112,2,'2025-07-24','2025-08-07',1,'2025-08-10 00:00:00','Đã trả',20000.00),(1180,1154,2,'2025-03-12','2025-03-26',1,'2025-04-01 00:00:00','Đã trả',0.00),(1181,1137,2,'2025-04-09','2025-04-23',1,NULL,'Đã hủy',0.00),(1182,1120,2,'2025-03-26','2025-04-09',1,'2025-04-08 00:00:00','Đã trả',0.00),(1183,1154,2,'2025-05-03','2025-05-17',1,'2025-05-16 00:00:00','Đã trả',0.00),(1184,1067,2,'2025-02-22','2025-03-08',1,'2025-03-05 00:00:00','Đã trả',0.00),(1185,1107,2,'2025-08-04','2025-08-18',1,NULL,'Đang mượn',0.00),(1186,1103,2,'2025-06-29','2025-07-13',1,'2025-07-17 00:00:00','Đã trả',50000.00),(1187,1071,2,'2025-02-05','2025-02-19',1,NULL,'Đang chờ',0.00),(1188,1099,2,'2025-04-24','2025-05-08',1,'2025-05-11 00:00:00','Đã trả',50000.00),(1189,1082,2,'2024-11-17','2024-12-01',1,NULL,'Đang mượn',0.00),(1190,1104,2,'2025-05-09','2025-05-23',1,'2025-05-22 00:00:00','Đã trả',0.00),(1191,1128,2,'2025-09-21','2025-10-05',1,NULL,'Đang mượn',0.00),(1192,1084,2,'2025-07-06','2025-07-20',1,'2025-07-24 00:00:00','Đã trả',40000.00),(1193,1056,2,'2024-11-06','2024-11-20',1,NULL,'Đang chờ',0.00),(1194,1084,2,'2025-03-10','2025-03-24',1,'2025-03-23 00:00:00','Đã trả',0.00),(1195,1124,2,'2024-12-30','2025-01-13',1,'2025-01-12 00:00:00','Đã trả',0.00),(1196,1150,2,'2025-09-22','2025-10-06',1,'2025-10-03 00:00:00','Đã trả',0.00),(1197,1059,2,'2025-04-25','2025-05-09',1,'2025-05-13 00:00:00','Đã trả',20000.00),(1198,1074,2,'2025-03-14','2025-03-28',1,'2025-03-31 00:00:00','Đã trả',10000.00),(1199,1127,2,'2025-05-02','2025-05-16',1,NULL,'Đang chờ',0.00),(1200,1111,2,'2025-01-25','2025-02-08',1,'2025-02-07 00:00:00','Đã trả',0.00),(1201,1057,2,'2025-01-06','2025-01-20',1,'2025-01-26 00:00:00','Đã trả',30000.00),(1202,1060,2,'2025-01-11','2025-01-25',1,'2025-01-27 00:00:00','Đã trả',0.00),(1203,1061,2,'2025-07-24','2025-08-07',1,'2025-08-11 00:00:00','Đã trả',20000.00),(1204,1100,2,'2025-06-21','2025-07-05',1,NULL,'Đang chờ',0.00),(1205,1100,2,'2025-08-17','2025-08-31',1,'2025-08-29 00:00:00','Đã trả',0.00),(1206,1103,2,'2024-12-02','2024-12-16',1,'2024-12-22 00:00:00','Đã trả',10000.00),(1207,1145,2,'2025-06-12','2025-06-26',1,'2025-06-29 00:00:00','Đã trả',10000.00),(1208,1096,2,'2025-03-18','2025-04-01',1,'2025-04-06 00:00:00','Đã trả',10000.00),(1209,1066,2,'2025-07-28','2025-08-11',1,'2025-08-12 00:00:00','Đã trả',10000.00),(1210,1082,2,'2025-07-16','2025-07-30',1,'2025-08-02 00:00:00','Đã trả',50000.00),(1211,1068,2,'2025-03-07','2025-03-21',1,'2025-03-27 00:00:00','Đã trả',0.00),(1212,1108,2,'2024-11-10','2024-11-24',1,'2024-11-26 00:00:00','Đã trả',20000.00),(1213,1106,2,'2025-01-24','2025-02-07',1,'2025-02-03 00:00:00','Đã trả',0.00),(1214,1123,2,'2025-08-15','2025-08-29',1,'2025-08-29 00:00:00','Đã trả',0.00),(1215,1080,2,'2025-05-02','2025-05-16',1,'2025-05-15 00:00:00','Đã trả',0.00),(1216,1093,2,'2025-07-19','2025-08-02',1,'2025-08-01 00:00:00','Đã trả',0.00),(1217,1078,2,'2025-03-07','2025-03-21',1,'2025-03-20 00:00:00','Đã trả',0.00),(1218,1151,2,'2025-02-02','2025-02-16',1,NULL,'Đang mượn',0.00),(1219,1116,2,'2025-06-13','2025-06-27',1,'2025-07-02 00:00:00','Đã trả',40000.00),(1220,1060,2,'2025-02-03','2025-02-17',1,NULL,'Đang mượn',0.00),(1221,1072,2,'2025-09-20','2025-10-04',1,'2025-10-08 00:00:00','Đã trả',30000.00),(1222,1150,2,'2025-02-03','2025-02-17',1,'2025-02-15 00:00:00','Đã trả',0.00),(1223,1125,2,'2025-02-14','2025-02-28',1,'2025-02-25 00:00:00','Đã trả',0.00),(1224,1119,2,'2025-09-18','2025-10-02',1,'2025-10-01 00:00:00','Đã trả',0.00),(1225,1074,2,'2025-03-27','2025-04-10',1,NULL,'Đang mượn',0.00),(1226,1107,2,'2025-04-08','2025-04-22',1,NULL,'Đang mượn',0.00),(1227,1056,2,'2025-04-03','2025-04-17',1,NULL,'Đang mượn',0.00),(1228,1083,2,'2025-07-13','2025-07-27',1,'2025-07-25 00:00:00','Đã trả',0.00),(1229,1066,2,'2024-10-28','2024-11-11',1,'2025-10-28 12:17:09','Đã trả',3510000.00),(1230,1104,2,'2025-03-11','2025-03-25',1,'2025-03-30 00:00:00','Đã trả',10000.00),(1231,1140,2,'2025-04-11','2025-04-25',1,'2025-04-24 00:00:00','Đã trả',0.00),(1232,1102,2,'2025-07-25','2025-08-08',1,'2025-08-04 00:00:00','Đã trả',0.00),(1233,1072,2,'2025-01-01','2025-01-15',1,NULL,'Đang mượn',0.00),(1234,1154,2,'2025-06-17','2025-07-01',1,'2025-07-01 00:00:00','Đã trả',0.00),(1235,1142,2,'2024-11-22','2024-12-06',1,NULL,'Đang chờ',0.00),(1236,1081,2,'2024-11-30','2024-12-14',1,'2024-12-16 00:00:00','Đã trả',20000.00),(1237,1134,2,'2024-11-04','2024-11-18',1,'2024-11-17 00:00:00','Đã trả',0.00),(1238,1079,2,'2025-09-21','2025-10-05',1,'2025-10-05 00:00:00','Đã trả',0.00),(1239,1111,2,'2025-02-04','2025-02-18',1,NULL,'Đang chờ',0.00),(1240,1111,2,'2024-12-10','2024-12-24',1,'2024-12-20 00:00:00','Đã trả',0.00),(1241,1084,2,'2025-07-13','2025-07-27',1,'2025-07-25 00:00:00','Đã trả',0.00),(1242,1108,2,'2025-07-25','2025-08-08',1,'2025-08-14 00:00:00','Đã trả',50000.00),(1243,1071,2,'2025-09-29','2025-10-13',1,'2025-10-11 00:00:00','Đã trả',0.00),(1244,1118,2,'2025-03-18','2025-04-01',1,'2025-03-30 00:00:00','Đã trả',0.00),(1245,1090,2,'2025-02-13','2025-02-27',1,NULL,'Đang mượn',0.00),(1246,1122,2,'2025-07-13','2025-07-27',1,'2025-08-01 00:00:00','Đã trả',0.00),(1247,1087,2,'2025-06-22','2025-07-06',1,'2025-07-04 00:00:00','Đã trả',0.00),(1248,1075,2,'2025-07-10','2025-07-24',1,'2025-07-25 00:00:00','Đã trả',20000.00),(1249,1058,2,'2025-04-10','2025-04-24',1,'2025-04-26 00:00:00','Đã trả',0.00),(1250,1081,2,'2025-08-30','2025-09-13',1,'2025-09-19 00:00:00','Đã trả',0.00),(1251,1063,2,'2025-07-13','2025-07-27',1,NULL,'Đang mượn',0.00),(1252,1105,2,'2025-05-03','2025-05-17',1,NULL,'Đang chờ',0.00),(1253,1148,2,'2025-04-17','2025-05-01',1,NULL,'Đã hủy',0.00),(1254,1128,2,'2025-07-23','2025-08-06',1,NULL,'Đang mượn',0.00),(1255,1120,2,'2025-09-22','2025-10-06',1,'2025-10-07 00:00:00','Đã trả',10000.00),(1256,1115,2,'2025-06-16','2025-06-30',1,'2025-07-04 00:00:00','Đã trả',40000.00),(1257,1064,2,'2024-11-16','2024-11-30',1,'2024-12-06 00:00:00','Đã trả',40000.00),(1258,1066,2,'2025-06-15','2025-06-29',1,NULL,'Đang chờ',0.00),(1259,1142,2,'2025-02-01','2025-02-15',1,'2025-02-12 00:00:00','Đã trả',0.00),(1260,1117,2,'2025-07-29','2025-08-12',1,'2025-08-17 00:00:00','Đã trả',0.00),(1261,1082,2,'2025-09-08','2025-09-22',1,'2025-09-20 00:00:00','Đã trả',0.00),(1262,1145,2,'2025-05-26','2025-06-09',1,'2025-06-08 00:00:00','Đã trả',0.00),(1263,1121,2,'2025-07-29','2025-08-12',1,'2025-08-12 00:00:00','Đã trả',0.00),(1264,1059,2,'2025-08-04','2025-08-18',1,'2025-08-20 00:00:00','Đã trả',10000.00),(1265,1070,2,'2025-07-26','2025-08-09',1,'2025-08-15 00:00:00','Đã trả',30000.00),(1266,1069,2,'2025-08-22','2025-09-05',1,'2025-09-07 00:00:00','Đã trả',20000.00),(1267,1104,2,'2025-06-22','2025-07-06',1,NULL,'Đang chờ',0.00),(1268,1089,2,'2025-04-11','2025-04-25',1,NULL,'Đang chờ',0.00),(1269,1124,2,'2025-04-15','2025-04-29',1,'2025-04-26 00:00:00','Đã trả',0.00),(1270,1071,2,'2025-10-01','2025-10-15',1,'2025-10-21 00:00:00','Đã trả',20000.00),(1271,1116,2,'2025-03-05','2025-03-19',1,NULL,'Đang chờ',0.00),(1272,1143,2,'2025-04-03','2025-04-17',1,NULL,'Đang mượn',0.00),(1273,1070,2,'2025-05-23','2025-06-06',1,'2025-06-04 00:00:00','Đã trả',0.00),(1274,1071,2,'2025-01-09','2025-01-23',1,'2025-01-24 00:00:00','Đã trả',40000.00),(1275,1076,2,'2025-07-12','2025-07-26',1,NULL,'Đã hủy',0.00),(1276,1087,2,'2024-12-04','2024-12-18',1,'2024-12-22 00:00:00','Đã trả',10000.00),(1277,1060,2,'2025-06-15','2025-06-29',1,'2025-06-27 00:00:00','Đã trả',0.00),(1278,1089,2,'2025-04-13','2025-04-27',1,NULL,'Đang mượn',0.00),(1279,1148,2,'2024-12-28','2025-01-11',1,'2025-01-13 00:00:00','Đã trả',30000.00),(1280,1150,2,'2025-08-24','2025-09-07',1,NULL,'Đang mượn',0.00),(1281,1094,2,'2025-04-26','2025-05-10',1,'2025-05-08 00:00:00','Đã trả',0.00),(1282,1099,2,'2025-02-22','2025-03-08',1,'2025-03-10 00:00:00','Đã trả',50000.00),(1283,1093,2,'2024-12-04','2024-12-18',1,'2024-12-23 00:00:00','Đã trả',50000.00),(1284,1077,2,'2025-03-05','2025-03-19',1,'2025-03-24 00:00:00','Đã trả',40000.00),(1285,1123,2,'2025-10-04','2025-10-18',1,NULL,'Đang chờ',0.00),(1286,1124,2,'2025-04-28','2025-05-12',1,'2025-05-12 00:00:00','Đã trả',0.00),(1287,1123,2,'2025-08-01','2025-08-15',1,NULL,'Đang mượn',0.00),(1288,1100,2,'2025-09-19','2025-10-03',1,'2025-10-05 00:00:00','Đã trả',20000.00),(1289,1154,2,'2025-07-04','2025-07-18',1,'2025-07-21 00:00:00','Đã trả',10000.00),(1290,1138,2,'2025-03-22','2025-04-05',1,NULL,'Đang mượn',0.00),(1291,1082,2,'2025-02-22','2025-03-08',1,NULL,'Đang mượn',0.00),(1292,1086,2,'2024-12-12','2024-12-26',1,'2024-12-31 00:00:00','Đã trả',10000.00),(1293,1136,2,'2025-05-26','2025-06-09',1,'2025-06-11 00:00:00','Đã trả',20000.00),(1294,1139,2,'2025-07-28','2025-08-11',1,NULL,'Đã hủy',0.00),(1295,1116,2,'2025-08-02','2025-08-16',1,'2025-08-14 00:00:00','Đã trả',0.00),(1296,1069,2,'2025-04-20','2025-05-04',1,'2025-05-01 00:00:00','Đã trả',0.00),(1297,1085,2,'2025-01-10','2025-01-24',1,'2025-01-29 00:00:00','Đã trả',0.00),(1298,1096,2,'2025-02-10','2025-02-24',1,'2025-02-24 00:00:00','Đã trả',0.00),(1299,1062,2,'2025-05-26','2025-06-09',1,NULL,'Đang chờ',0.00),(1300,1131,2,'2025-03-26','2025-04-09',1,'2025-04-13 00:00:00','Đã trả',10000.00),(1301,1136,2,'2025-03-11','2025-03-25',1,'2025-03-30 00:00:00','Đã trả',10000.00),(1302,1100,2,'2024-10-28','2024-11-11',1,'2024-11-15 00:00:00','Đã trả',50000.00),(1303,1059,2,'2025-04-06','2025-04-20',1,NULL,'Đã hủy',0.00),(1304,1133,2,'2025-09-11','2025-09-25',1,NULL,'Đang mượn',0.00),(1305,1110,2,'2025-01-30','2025-02-13',1,'2025-02-16 00:00:00','Đã trả',40000.00),(1306,1083,2,'2024-12-20','2025-01-03',1,NULL,'Đang mượn',0.00),(1307,1129,2,'2025-02-20','2025-03-06',1,NULL,'Đang chờ',0.00),(1308,1141,2,'2025-03-15','2025-03-29',1,'2025-04-02 00:00:00','Đã trả',10000.00),(1309,1145,2,'2025-10-03','2025-10-17',1,'2025-10-20 00:00:00','Đã trả',40000.00),(1310,1060,2,'2025-08-29','2025-09-12',1,'2025-09-18 00:00:00','Đã trả',0.00),(1311,1055,2,'2024-12-20','2025-01-03',1,'2025-01-07 00:00:00','Đã trả',50000.00),(1312,1095,2,'2024-12-18','2025-01-01',1,NULL,'Đang chờ',0.00),(1313,1119,2,'2025-07-09','2025-07-23',1,'2025-07-21 00:00:00','Đã trả',0.00),(1314,1098,2,'2024-12-09','2024-12-23',1,NULL,'Đang mượn',0.00),(1315,1142,2,'2024-11-01','2024-11-15',1,NULL,'Đã hủy',0.00),(1316,1076,2,'2025-04-02','2025-04-16',1,'2025-04-17 00:00:00','Đã trả',20000.00),(1317,1112,2,'2024-12-16','2024-12-30',1,NULL,'Đang mượn',0.00),(1318,1111,2,'2025-03-09','2025-03-23',1,'2025-03-20 00:00:00','Đã trả',0.00),(1319,1145,2,'2025-03-23','2025-04-06',1,'2025-04-07 00:00:00','Đã trả',0.00),(1320,1080,2,'2025-05-03','2025-05-17',1,'2025-05-22 00:00:00','Đã trả',50000.00),(1321,1079,2,'2025-03-28','2025-04-11',1,'2025-04-15 00:00:00','Đã trả',40000.00),(1322,1112,2,'2024-12-21','2025-01-04',1,NULL,'Đang chờ',0.00),(1323,1060,2,'2025-03-09','2025-03-23',1,'2025-03-19 00:00:00','Đã trả',0.00),(1324,1119,2,'2025-01-06','2025-01-20',1,'2025-01-22 00:00:00','Đã trả',20000.00),(1325,1060,2,'2025-06-29','2025-07-13',1,NULL,'Đang mượn',0.00),(1326,1098,2,'2025-08-26','2025-09-09',1,NULL,'Đang mượn',0.00),(1327,1090,2,'2025-02-07','2025-02-21',1,'2025-02-18 00:00:00','Đã trả',0.00),(1328,1073,2,'2025-08-05','2025-08-19',1,NULL,'Đang mượn',0.00),(1329,1129,2,'2024-12-23','2025-01-06',1,'2025-01-11 00:00:00','Đã trả',40000.00),(1330,1091,2,'2025-09-29','2025-10-13',1,'2025-10-11 00:00:00','Đã trả',0.00),(1331,1142,2,'2025-04-25','2025-05-09',1,'2025-05-10 00:00:00','Đã trả',0.00),(1332,1108,2,'2025-01-27','2025-02-10',1,'2025-02-13 00:00:00','Đã trả',30000.00),(1333,1151,2,'2025-03-15','2025-03-29',1,'2025-04-03 00:00:00','Đã trả',40000.00),(1334,1111,2,'2024-12-22','2025-01-05',1,NULL,'Đang mượn',0.00),(1335,1074,2,'2024-12-08','2024-12-22',1,'2024-12-26 00:00:00','Đã trả',30000.00),(1336,1121,2,'2025-07-03','2025-07-17',1,NULL,'Đang mượn',0.00),(1337,1123,2,'2025-04-05','2025-04-19',1,'2025-04-24 00:00:00','Đã trả',20000.00),(1338,1081,2,'2025-08-05','2025-08-19',1,NULL,'Đang mượn',0.00),(1339,1133,2,'2025-09-21','2025-10-05',1,NULL,'Đang chờ',0.00),(1340,1115,2,'2025-01-27','2025-02-10',1,NULL,'Đang mượn',0.00),(1341,1148,2,'2025-09-08','2025-09-22',1,'2025-09-23 00:00:00','Đã trả',50000.00),(1342,1121,2,'2025-01-09','2025-01-23',1,NULL,'Đang chờ',0.00),(1343,1075,2,'2025-04-22','2025-05-06',1,'2025-05-09 00:00:00','Đã trả',50000.00),(1344,1083,2,'2025-09-18','2025-10-02',1,'2025-09-29 00:00:00','Đã trả',0.00),(1345,1101,2,'2025-05-12','2025-05-26',1,NULL,'Đang mượn',0.00),(1346,1100,2,'2025-07-17','2025-07-31',1,NULL,'Đang mượn',0.00),(1347,1114,2,'2025-08-15','2025-08-29',1,'2025-09-04 00:00:00','Đã trả',50000.00),(1348,1128,2,'2025-04-18','2025-05-02',1,NULL,'Đang mượn',0.00),(1349,1117,2,'2025-01-30','2025-02-13',1,NULL,'Đang chờ',0.00),(1350,1120,2,'2025-04-17','2025-05-01',1,'2025-05-05 00:00:00','Đã trả',20000.00),(1351,1114,2,'2025-08-20','2025-09-03',1,'2025-09-07 00:00:00','Đã trả',0.00),(1352,1144,2,'2024-12-31','2025-01-14',1,NULL,'Đang chờ',0.00),(1353,1107,2,'2024-11-25','2024-12-09',1,'2024-12-12 00:00:00','Đã trả',50000.00),(1354,1133,2,'2025-08-26','2025-09-09',1,'2025-09-11 00:00:00','Đã trả',10000.00),(1355,1151,2,'2025-07-19','2025-08-02',1,'2025-07-31 00:00:00','Đã trả',0.00),(1356,1109,2,'2025-03-26','2025-04-09',1,'2025-04-11 00:00:00','Đã trả',0.00),(1357,1122,2,'2025-02-04','2025-02-18',1,'2025-02-24 00:00:00','Đã trả',10000.00),(1358,1066,2,'2025-06-24','2025-07-08',1,'2025-07-04 00:00:00','Đã trả',0.00),(1359,1112,2,'2025-03-27','2025-04-10',1,'2025-04-11 00:00:00','Đã trả',40000.00),(1360,1062,2,'2024-12-17','2024-12-31',1,'2024-12-29 00:00:00','Đã trả',0.00),(1361,1088,2,'2024-11-17','2024-12-01',1,'2024-12-02 00:00:00','Đã trả',40000.00),(1362,1078,2,'2025-01-02','2025-01-16',1,NULL,'Đang mượn',0.00),(1363,1057,2,'2025-06-18','2025-07-02',1,NULL,'Đang mượn',0.00),(1364,1094,2,'2025-05-15','2025-05-29',1,'2025-05-25 00:00:00','Đã trả',0.00),(1365,1125,2,'2025-06-21','2025-07-05',1,'2025-07-10 00:00:00','Đã trả',40000.00),(1366,1154,2,'2025-03-20','2025-04-03',1,'2025-03-31 00:00:00','Đã trả',0.00),(1367,1099,2,'2025-06-27','2025-07-11',1,NULL,'Đang mượn',0.00),(1368,1094,2,'2025-08-11','2025-08-25',1,'2025-08-30 00:00:00','Đã trả',0.00),(1369,1126,2,'2024-12-10','2024-12-24',1,NULL,'Đang mượn',0.00),(1370,1146,2,'2025-06-06','2025-06-20',1,'2025-06-24 00:00:00','Đã trả',30000.00),(1371,1098,2,'2025-03-29','2025-04-12',1,'2025-04-13 00:00:00','Đã trả',10000.00),(1372,1137,2,'2025-07-06','2025-07-20',1,'2025-07-20 00:00:00','Đã trả',0.00),(1373,1062,2,'2024-12-11','2024-12-25',1,'2024-12-21 00:00:00','Đã trả',0.00),(1374,1106,2,'2025-07-05','2025-07-19',1,'2025-07-22 00:00:00','Đã trả',20000.00),(1375,1133,2,'2025-04-28','2025-05-12',1,'2025-05-18 00:00:00','Đã trả',0.00),(1376,1073,2,'2024-11-09','2024-11-23',1,'2024-11-27 00:00:00','Đã trả',20000.00),(1377,1086,2,'2025-06-13','2025-06-27',1,'2025-06-28 00:00:00','Đã trả',40000.00),(1378,1146,2,'2025-04-23','2025-05-07',1,'2025-05-09 00:00:00','Đã trả',50000.00),(1379,1098,2,'2025-08-13','2025-08-27',1,'2025-08-24 00:00:00','Đã trả',0.00),(1380,1064,2,'2025-01-15','2025-01-29',1,NULL,'Đang chờ',0.00),(1381,1153,2,'2025-09-25','2025-10-09',1,NULL,'Đang mượn',0.00),(1382,1101,2,'2025-09-04','2025-09-18',1,'2025-09-16 00:00:00','Đã trả',0.00),(1383,1081,2,'2025-08-06','2025-08-20',1,'2025-08-26 00:00:00','Đã trả',30000.00),(1384,1137,2,'2024-12-01','2024-12-15',1,'2024-12-16 00:00:00','Đã trả',50000.00),(1385,1105,2,'2025-07-07','2025-07-21',1,'2025-07-19 00:00:00','Đã trả',0.00),(1386,1099,2,'2025-02-07','2025-02-21',1,NULL,'Đang chờ',0.00),(1387,1116,2,'2025-08-13','2025-08-27',1,'2025-08-23 00:00:00','Đã trả',0.00),(1388,1108,2,'2024-12-04','2024-12-18',1,NULL,'Đang mượn',0.00),(1389,1114,2,'2025-03-19','2025-04-02',1,'2025-04-07 00:00:00','Đã trả',50000.00),(1390,1083,2,'2025-06-10','2025-06-24',1,'2025-06-26 00:00:00','Đã trả',40000.00),(1391,1080,2,'2025-03-23','2025-04-06',1,'2025-04-12 00:00:00','Đã trả',0.00),(1392,1084,2,'2024-12-07','2024-12-21',1,'2024-12-23 00:00:00','Đã trả',20000.00),(1393,1075,2,'2024-11-13','2024-11-27',1,'2024-11-25 00:00:00','Đã trả',0.00),(1394,1070,2,'2025-06-21','2025-07-05',1,'2025-07-11 00:00:00','Đã trả',50000.00),(1395,1088,2,'2025-07-26','2025-08-09',1,'2025-08-15 00:00:00','Đã trả',20000.00),(1396,1143,2,'2025-01-25','2025-02-08',1,NULL,'Đang mượn',0.00),(1397,1087,2,'2024-12-22','2025-01-05',1,NULL,'Đang chờ',0.00),(1398,1090,2,'2025-05-16','2025-05-30',1,'2025-05-26 00:00:00','Đã trả',0.00),(1399,1106,2,'2025-07-31','2025-08-14',1,'2025-08-19 00:00:00','Đã trả',20000.00),(1400,1132,2,'2025-04-08','2025-04-22',1,'2025-04-20 00:00:00','Đã trả',0.00),(1401,1081,2,'2025-06-09','2025-06-23',1,NULL,'Đang chờ',0.00),(1402,1132,2,'2024-12-12','2024-12-26',1,'2024-12-30 00:00:00','Đã trả',10000.00),(1403,1135,2,'2025-09-28','2025-10-12',1,'2025-10-10 00:00:00','Đã trả',0.00),(1404,1152,2,'2025-04-25','2025-05-09',1,NULL,'Đã hủy',0.00),(1405,1087,2,'2024-11-11','2024-11-25',1,'2024-11-30 00:00:00','Đã trả',30000.00),(1406,1067,2,'2025-06-06','2025-06-20',1,NULL,'Đang mượn',0.00),(1407,1102,2,'2025-03-19','2025-04-02',1,NULL,'Đang mượn',0.00),(1408,1102,2,'2025-02-06','2025-02-20',1,'2025-02-18 00:00:00','Đã trả',0.00),(1409,1145,2,'2025-08-15','2025-08-29',1,NULL,'Đang mượn',0.00),(1410,1092,2,'2025-07-17','2025-07-31',1,'2025-07-28 00:00:00','Đã trả',0.00),(1411,1100,2,'2025-06-09','2025-06-23',1,NULL,'Đang mượn',0.00),(1412,1124,2,'2025-02-09','2025-02-23',1,NULL,'Đã hủy',0.00),(1413,1132,2,'2025-08-10','2025-08-24',1,'2025-08-28 00:00:00','Đã trả',30000.00),(1414,1071,2,'2025-03-09','2025-03-23',1,'2025-03-24 00:00:00','Đã trả',50000.00),(1415,1082,2,'2024-11-14','2024-11-28',1,'2024-11-28 00:00:00','Đã trả',0.00),(1416,1088,2,'2024-12-20','2025-01-03',1,NULL,'Đã hủy',0.00),(1417,1104,2,'2024-11-20','2024-12-04',1,'2024-12-01 00:00:00','Đã trả',0.00),(1418,1087,2,'2025-08-26','2025-09-09',1,'2025-09-06 00:00:00','Đã trả',0.00),(1419,1102,2,'2025-03-02','2025-03-16',1,'2025-03-14 00:00:00','Đã trả',0.00),(1420,1087,2,'2024-12-13','2024-12-27',1,'2024-12-25 00:00:00','Đã trả',0.00),(1421,1072,2,'2025-04-30','2025-05-14',1,'2025-05-12 00:00:00','Đã trả',0.00),(1422,1085,2,'2025-04-23','2025-05-07',1,'2025-05-04 00:00:00','Đã trả',0.00),(1423,1137,2,'2025-09-28','2025-10-12',1,'2025-10-09 00:00:00','Đã trả',0.00),(1424,1130,2,'2025-02-26','2025-03-12',1,'2025-03-12 00:00:00','Đã trả',0.00),(1425,1102,2,'2025-08-17','2025-08-31',1,'2025-09-05 00:00:00','Đã trả',30000.00),(1426,1147,2,'2024-11-26','2024-12-10',1,'2024-12-11 00:00:00','Đã trả',40000.00),(1427,1089,2,'2025-07-01','2025-07-15',1,'2025-07-11 00:00:00','Đã trả',0.00),(1428,1093,2,'2025-02-26','2025-03-12',1,'2025-03-08 00:00:00','Đã trả',0.00),(1429,1099,2,'2024-12-05','2024-12-19',1,NULL,'Đang mượn',0.00),(1430,1098,2,'2024-11-10','2024-11-24',1,NULL,'Đang mượn',0.00),(1431,1105,2,'2025-07-09','2025-07-23',1,'2025-07-22 00:00:00','Đã trả',0.00),(1432,1097,2,'2025-07-13','2025-07-27',1,NULL,'Đang mượn',0.00),(1433,1123,2,'2025-06-09','2025-06-23',1,'2025-06-22 00:00:00','Đã trả',0.00),(1434,1072,2,'2025-08-08','2025-08-22',1,NULL,'Đang mượn',0.00),(1435,1054,2,'2024-11-02','2024-11-16',1,'2025-10-28 12:17:54','Đã trả',3460000.00),(1436,1070,2,'2025-07-20','2025-08-03',1,'2025-08-05 00:00:00','Đã trả',10000.00),(1437,1059,2,'2024-11-23','2024-12-07',1,NULL,'Đang chờ',0.00),(1438,1110,2,'2025-05-30','2025-06-13',1,'2025-06-10 00:00:00','Đã trả',0.00),(1439,1082,2,'2025-01-09','2025-01-23',1,'2025-01-21 00:00:00','Đã trả',0.00),(1440,1061,2,'2024-12-26','2025-01-09',1,'2025-01-13 00:00:00','Đã trả',30000.00),(1441,1143,2,'2025-09-20','2025-10-04',1,'2025-10-05 00:00:00','Đã trả',20000.00),(1442,1128,2,'2024-12-06','2024-12-20',1,'2024-12-21 00:00:00','Đã trả',50000.00),(1443,1153,2,'2025-09-26','2025-10-10',1,NULL,'Đang mượn',0.00),(1444,1099,2,'2025-03-12','2025-03-26',1,NULL,'Đã hủy',0.00),(1445,1128,2,'2024-10-30','2024-11-13',1,'2024-11-10 00:00:00','Đã trả',0.00),(1446,1133,2,'2025-08-14','2025-08-28',1,'2025-08-28 00:00:00','Đã trả',0.00),(1447,1068,2,'2024-11-10','2024-11-24',1,'2024-11-23 00:00:00','Đã trả',0.00),(1448,1134,2,'2025-07-01','2025-07-15',1,'2025-07-19 00:00:00','Đã trả',40000.00),(1449,1087,2,'2025-07-18','2025-08-01',1,'2025-08-03 00:00:00','Đã trả',30000.00),(1450,1115,2,'2025-01-18','2025-02-01',1,'2025-01-28 00:00:00','Đã trả',0.00),(1451,1095,2,'2025-10-02','2025-10-16',1,'2025-10-15 00:00:00','Đã trả',0.00),(1452,1095,2,'2025-05-14','2025-05-28',1,'2025-05-30 00:00:00','Đã trả',10000.00),(1453,1124,2,'2025-08-28','2025-09-11',1,'2025-09-17 00:00:00','Đã trả',40000.00),(1454,1136,2,'2025-03-07','2025-03-21',1,'2025-03-19 00:00:00','Đã trả',0.00),(1455,1069,2,'2024-12-06','2024-12-20',1,'2024-12-26 00:00:00','Đã trả',40000.00),(1456,1099,2,'2024-10-28','2024-11-11',1,'2024-11-15 00:00:00','Đã trả',20000.00),(1457,1058,2,'2025-06-03','2025-06-17',1,'2025-06-20 00:00:00','Đã trả',20000.00),(1458,1091,2,'2025-03-23','2025-04-06',1,'2025-04-03 00:00:00','Đã trả',0.00),(1459,1064,2,'2025-09-23','2025-10-07',1,'2025-10-12 00:00:00','Đã trả',30000.00),(1460,1066,2,'2025-09-30','2025-10-14',1,NULL,'Đã hủy',0.00),(1461,1098,2,'2025-07-14','2025-07-28',1,NULL,'Đã hủy',0.00),(1462,1058,2,'2025-10-08','2025-10-22',1,'2025-10-24 00:00:00','Đã trả',20000.00),(1463,1099,2,'2025-07-22','2025-08-05',1,'2025-08-08 00:00:00','Đã trả',30000.00),(1464,1140,2,'2025-10-08','2025-10-22',1,NULL,'Đã hủy',0.00),(1465,1148,2,'2025-02-02','2025-02-16',1,NULL,'Đang mượn',0.00),(1466,1109,2,'2025-05-27','2025-06-10',1,'2025-06-14 00:00:00','Đã trả',20000.00),(1467,1057,2,'2025-06-03','2025-06-17',1,'2025-06-20 00:00:00','Đã trả',20000.00),(1468,1060,2,'2025-01-14','2025-01-28',1,NULL,'Đang chờ',0.00),(1469,1080,2,'2025-08-09','2025-08-23',1,'2025-08-26 00:00:00','Đã trả',50000.00),(1470,1102,2,'2025-03-15','2025-03-29',1,NULL,'Đang chờ',0.00),(1471,1102,2,'2024-11-29','2024-12-13',1,'2024-12-12 00:00:00','Đã trả',0.00),(1472,1061,2,'2025-03-26','2025-04-09',1,'2025-04-09 00:00:00','Đã trả',0.00),(1473,1087,2,'2025-01-05','2025-01-19',1,NULL,'Đã hủy',0.00),(1474,1094,2,'2025-03-05','2025-03-19',1,'2025-03-20 00:00:00','Đã trả',30000.00),(1475,1101,2,'2025-02-08','2025-02-22',1,NULL,'Đang chờ',0.00),(1476,1133,2,'2025-03-03','2025-03-17',1,'2025-03-15 00:00:00','Đã trả',0.00),(1477,1071,2,'2025-06-05','2025-06-19',1,'2025-06-18 00:00:00','Đã trả',0.00),(1478,1093,2,'2025-10-06','2025-10-20',1,NULL,'Đang mượn',0.00),(1479,1074,2,'2025-06-10','2025-06-24',1,NULL,'Đang mượn',0.00),(1480,1129,2,'2025-08-21','2025-09-04',1,'2025-09-03 00:00:00','Đã trả',0.00),(1481,1144,2,'2025-09-30','2025-10-14',1,'2025-10-13 00:00:00','Đã trả',0.00),(1482,1150,2,'2024-12-12','2024-12-26',1,NULL,'Đang mượn',0.00),(1483,1065,2,'2024-12-06','2024-12-20',1,'2024-12-26 00:00:00','Đã trả',40000.00),(1484,1110,2,'2024-12-11','2024-12-25',1,NULL,'Đang mượn',0.00),(1485,1085,2,'2025-02-02','2025-02-16',1,'2025-02-17 00:00:00','Đã trả',30000.00),(1486,1152,2,'2025-01-08','2025-01-22',1,'2025-01-27 00:00:00','Đã trả',10000.00),(1487,1084,2,'2025-04-28','2025-05-12',1,NULL,'Đang mượn',0.00),(1488,1058,2,'2025-04-16','2025-04-30',1,NULL,'Đang mượn',0.00),(1489,1115,2,'2025-08-19','2025-09-02',1,NULL,'Đã hủy',0.00),(1490,1078,2,'2025-01-05','2025-01-19',1,'2025-01-17 00:00:00','Đã trả',0.00),(1491,1135,2,'2025-04-14','2025-04-28',1,'2025-04-26 00:00:00','Đã trả',0.00),(1492,1055,2,'2025-08-22','2025-09-05',1,NULL,'Đang chờ',0.00),(1493,1065,2,'2025-07-30','2025-08-13',1,'2025-08-17 00:00:00','Đã trả',0.00),(1494,1118,2,'2025-09-08','2025-09-22',1,NULL,'Đang mượn',0.00),(1495,1120,2,'2024-11-03','2024-11-17',1,'2024-11-23 00:00:00','Đã trả',30000.00),(1496,1129,2,'2024-11-18','2024-12-02',1,NULL,'Đã hủy',0.00),(1497,1071,2,'2025-07-16','2025-07-30',1,'2025-07-27 00:00:00','Đã trả',0.00),(1498,1138,2,'2025-07-11','2025-07-25',1,'2025-07-21 00:00:00','Đã trả',0.00),(1499,1126,2,'2025-03-09','2025-03-23',1,NULL,'Đang mượn',0.00),(1500,1061,2,'2025-07-05','2025-07-19',1,'2025-07-21 00:00:00','Đã trả',0.00),(1501,1056,2,'2025-04-08','2025-04-22',1,'2025-04-19 00:00:00','Đã trả',0.00),(1502,1129,2,'2025-02-13','2025-02-27',1,'2025-02-28 00:00:00','Đã trả',50000.00),(1503,1054,2,'2024-11-11','2024-11-25',1,NULL,'Đang mượn',0.00),(1504,1054,2,'2025-10-02','2025-10-16',1,'2025-10-21 00:00:00','Đã trả',50000.00),(1505,1095,2,'2025-10-06','2025-10-20',1,NULL,'Đang chờ',0.00),(1506,1131,2,'2025-08-22','2025-09-05',1,'2025-09-08 00:00:00','Đã trả',40000.00),(1507,1147,2,'2025-04-12','2025-04-26',1,'2025-04-30 00:00:00','Đã trả',20000.00),(1508,1071,2,'2025-06-29','2025-07-13',1,'2025-07-13 00:00:00','Đã trả',0.00),(1509,1111,2,'2025-09-23','2025-10-07',1,'2025-10-05 00:00:00','Đã trả',0.00),(1510,1102,2,'2025-09-05','2025-09-19',1,'2025-09-15 00:00:00','Đã trả',0.00),(1511,1124,2,'2025-01-25','2025-02-08',1,NULL,'Đang mượn',0.00),(1512,1143,2,'2025-02-23','2025-03-09',1,'2025-03-15 00:00:00','Đã trả',0.00),(1513,1129,2,'2024-11-20','2024-12-04',1,'2024-12-05 00:00:00','Đã trả',30000.00),(1514,1065,2,'2025-01-18','2025-02-01',1,'2025-02-01 00:00:00','Đã trả',0.00),(1515,1137,2,'2024-11-24','2024-12-08',1,'2024-12-08 00:00:00','Đã trả',0.00),(1516,1088,2,'2024-11-02','2024-11-16',1,'2024-11-20 00:00:00','Đã trả',0.00),(1517,1120,2,'2025-05-08','2025-05-22',1,NULL,'Đang chờ',0.00),(1518,1152,2,'2024-10-31','2024-11-14',1,'2024-11-17 00:00:00','Đã trả',0.00),(1519,1131,2,'2025-05-18','2025-06-01',1,'2025-05-31 00:00:00','Đã trả',0.00),(1520,1054,2,'2025-03-10','2025-03-24',1,'2025-03-21 00:00:00','Đã trả',0.00),(1521,1106,2,'2025-03-14','2025-03-28',1,'2025-03-25 00:00:00','Đã trả',0.00),(1522,1153,2,'2025-07-08','2025-07-22',1,'2025-07-24 00:00:00','Đã trả',30000.00),(1523,1152,7,'2025-12-06','2025-12-08',1,NULL,'Đang chờ',0.00),(1524,1115,7,'2025-12-06','2025-12-08',1,NULL,'Đang chờ',0.00),(1525,1114,7,'2025-12-06','2025-12-08',1,NULL,'Đang chờ',0.00);
/*!40000 ALTER TABLE `muontra` ENABLE KEYS */;
UNLOCK TABLES;

--
-- Table structure for table `sach`
--

DROP TABLE IF EXISTS `sach`;
/*!40101 SET @saved_cs_client     = @@character_set_client */;
/*!50503 SET character_set_client = utf8mb4 */;
CREATE TABLE `sach` (
  `id_sach` int NOT NULL AUTO_INCREMENT,
  `tieu_de` varchar(255) CHARACTER SET utf8mb4 COLLATE utf8mb4_unicode_ci NOT NULL,
  `nam_xuat_ban` smallint DEFAULT NULL,
  `so_luong` int NOT NULL DEFAULT '0',
  `so_trang` int DEFAULT '0',
  `ngay_nhap` date DEFAULT NULL,
  `trang_thai` enum('hoat_dong','da_an') CHARACTER SET utf8mb4 COLLATE utf8mb4_unicode_ci NOT NULL DEFAULT 'hoat_dong',
  `mo_ta` text CHARACTER SET utf8mb4 COLLATE utf8mb4_unicode_ci COMMENT 'Mô tả chi tiết về nội dung sách',
  `tong_diem` int unsigned NOT NULL DEFAULT '0' COMMENT 'Tổng điểm đánh giá',
  `so_luot_danh_gia` int unsigned NOT NULL DEFAULT '0' COMMENT 'Số lượt đánh giá',
  PRIMARY KEY (`id_sach`)
) ENGINE=InnoDB AUTO_INCREMENT=1156 DEFAULT CHARSET=utf8mb4 COLLATE=utf8mb4_unicode_ci;
/*!40101 SET character_set_client = @saved_cs_client */;

--
-- Dumping data for table `sach`
--

LOCK TABLES `sach` WRITE;
/*!40000 ALTER TABLE `sach` DISABLE KEYS */;
INSERT INTO `sach` VALUES (1054,'The General Theory of Employment, Interest and Money',1936,6,624,'2025-10-28','hoat_dong','Keynes: nền tảng kinh tế hiện đại.',0,0),(1055,'Capital in the Twenty-First Century',2013,5,696,'2025-10-28','hoat_dong','Piketty: bất bình đẳng và vốn.',0,0),(1056,'The Road to Serfdom',1944,5,320,'2025-10-28','hoat_dong','Hayek: tác phẩm chính trị - kinh tế.',0,0),(1057,'Security Analysis',1934,5,725,'2025-10-28','hoat_dong','Graham & Dodd: nền tảng phân tích đầu tư giá trị.',0,0),(1058,'The Intelligent Investor',1949,5,640,'2025-10-28','hoat_dong','Benjamin Graham: đầu tư giá trị.',0,0),(1059,'Think and Grow Rich',1937,5,238,'2025-10-28','hoat_dong','Napoleon Hill: tư duy làm giàu.',0,0),(1060,'Rich Dad Poor Dad',1997,5,207,'2025-10-28','hoat_dong','Robert Kiyosaki: giáo dục tài chính cá nhân.',0,0),(1061,'The Millionaire Next Door',1996,5,272,'2025-10-28','hoat_dong','Stanley & Danko: thói quen người giàu.',0,0),(1062,'A Random Walk Down Wall Street',1973,5,448,'2025-10-28','hoat_dong','Malkiel: thị trường hiệu quả và đầu tư thụ động.',0,0),(1063,'Freakonomics',2005,5,336,'2025-10-28','hoat_dong','Levitt & Dubner: kinh tế học ứng dụng đời sống.',0,0),(1064,'SuperFreakonomics',2009,5,352,'2025-10-28','hoat_dong','Levitt & Dubner: góc nhìn kinh tế phi truyền thống.',0,0),(1065,'The Black Swan',2007,5,366,'2025-10-28','hoat_dong','Taleb: tác động của biến cố bất ngờ.',0,0),(1066,'Thinking, Fast and Slow',2011,6,499,'2025-10-28','hoat_dong','Kahneman: hành vi và quyết định.',0,0),(1067,'Nudge',2008,5,316,'2025-10-28','hoat_dong','Thaler & Sunstein: kiến tạo lựa chọn.',0,0),(1068,'Predictably Irrational',2008,5,352,'2025-10-28','hoat_dong','Ariely: thiên kiến trong hành vi.',0,0),(1069,'The Big Short',2010,5,288,'2025-10-28','hoat_dong','Michael Lewis: khủng hoảng tài chính 2007-2008.',0,0),(1070,'Liar\'s Poker',1989,5,256,'2025-10-28','hoat_dong','Michael Lewis: Wall Street những năm 80.',0,0),(1071,'Flash Boys',2014,5,288,'2025-10-28','hoat_dong','Michael Lewis: giao dịch tần suất cao.',0,0),(1072,'Moneyball',2003,5,315,'2025-10-28','hoat_dong','Michael Lewis: áp dụng phân tích vào tuyển chọn.',0,0),(1073,'The Ascent of Money',2008,5,464,'2025-10-28','hoat_dong','Michael Lewis: lịch sử hệ thống tài chính.',0,0),(1074,'Debt: The First 5000 Years',2011,5,544,'2025-10-28','hoat_dong','David Graeber: lịch sử và ý nghĩa nợ.',0,0),(1075,'Manias, Panics, and Crashes',1978,5,336,'2025-10-28','hoat_dong','Kindleberger: chu kỳ khủng hoảng tài chính.',0,0),(1076,'Against the Gods: The Remarkable Story of Risk',1996,5,384,'2025-10-28','hoat_dong','Bernstein: lịch sử quản lý rủi ro.',0,0),(1077,'Common Stocks and Uncommon Profits',1958,5,220,'2025-10-28','hoat_dong','Peter Lynch: đầu tư cổ phiếu.',0,0),(1078,'One Up On Wall Street',1989,5,304,'2025-10-28','hoat_dong','Peter Lynch: tìm cơ hội đầu tư.',0,0),(1079,'Stocks for the Long Run',1994,5,512,'2025-10-28','hoat_dong','Jeremy Siegel: cổ phiếu dài hạn.',0,0),(1080,'The Little Book of Common Sense Investing',2007,5,216,'2025-10-28','hoat_dong','John Bogle: quỹ chỉ số và đầu tư thụ động.',0,0),(1081,'Irrational Exuberance',2000,5,336,'2025-10-28','hoat_dong','Robert Shiller: bong bóng thị trường.',0,0),(1082,'Animal Spirits',2009,5,272,'2025-10-28','hoat_dong','Akerlof & Shiller: vai trò cảm xúc trong kinh tế.',0,0),(1083,'This Time Is Different: Eight Centuries of Financial Folly',2009,5,512,'2025-10-28','hoat_dong','Reinhart & Rogoff: phân tích khủng hoảng lịch sử.',0,0),(1084,'The Shock Doctrine',2007,5,600,'2025-10-28','hoat_dong','Naomi Klein: tư bản và chính sách khủng hoảng.',0,0),(1085,'Globalization and Its Discontents',2002,5,256,'2025-10-28','hoat_dong','Joseph Stiglitz: phê phán chính sách toàn cầu hóa.',0,0),(1086,'Principles',2017,5,592,'2025-10-28','hoat_dong','Ray Dalio: nguyên tắc sống và quản trị.',0,0),(1087,'The Psychology of Money',2020,5,256,'2025-10-28','hoat_dong','Morgan Housel: quan điểm về tiền và hành vi.',0,0),(1088,'The Four Pillars of Investing',2000,5,320,'2025-10-28','hoat_dong','Bernstein: nguyên tắc đầu tư.',0,0),(1089,'The Little Book That Still Beats the Market',2011,5,224,'2025-10-28','hoat_dong','Joel Greenblatt: phương pháp đầu tư giá trị.',0,0),(1090,'The Most Important Thing',2011,5,240,'2025-10-28','hoat_dong','Howard Marks: tư duy rủi ro và đầu tư.',0,0),(1091,'The Richest Man in Babylon',1926,5,144,'2025-10-28','hoat_dong','Sách tài chính cổ điển (phiên bản 1926).',0,0),(1092,'Your Money or Your Life',1992,5,272,'2025-10-28','hoat_dong','Sách quản lý tài chính cá nhân.',0,0),(1093,'The Millionaire Mind',2000,5,320,'2025-10-28','hoat_dong','Tư duy người giàu.',0,0),(1094,'The 7 Habits of Highly Effective People',1989,5,381,'2025-10-28','hoat_dong','Stephen R. Covey: thói quen hiệu quả.',0,0),(1095,'Atomic Habits',2018,5,320,'2025-10-28','hoat_dong','James Clear: xây dựng thói quen.',0,0),(1096,'The Power of Habit',2012,5,416,'2025-10-28','hoat_dong','Charles Duhigg: khoa học thói quen.',0,0),(1097,'Outliers',2008,5,336,'2025-10-28','hoat_dong','Malcolm Gladwell: yếu tố thành công.',0,0),(1098,'Drive',2009,5,272,'2025-10-28','hoat_dong','Daniel Pink: động lực trong công việc.',0,0),(1099,'Lean In',2013,5,272,'2025-10-28','hoat_dong','Sheryl Sandberg: phụ nữ và lãnh đạo.',0,0),(1100,'How to Win Friends and Influence People',1936,5,291,'2025-10-28','hoat_dong','Dale Carnegie classic (1936).',0,0),(1101,'The 48 Laws of Power',1998,5,452,'2025-10-28','hoat_dong','Robert Greene: quyền lực và chiến lược.',0,0),(1102,'Good to Great',2001,5,320,'2025-10-28','hoat_dong','Jim Collins: doanh nghiệp xuất sắc.',0,0),(1103,'Competing Against Luck',2016,5,256,'2025-10-28','hoat_dong','Clayton Christensen: lý thuyết Jobs to be Done.',0,0),(1104,'Competitive Strategy',1980,5,396,'2025-10-28','hoat_dong','Michael Porter: chiến lược cạnh tranh.',0,0),(1105,'The Lean Startup',2011,5,336,'2025-10-28','hoat_dong','Eric Ries: phương pháp khởi nghiệp tinh gọn.',0,0),(1106,'Purple Cow',2003,5,144,'2025-10-28','hoat_dong','Seth Godin: marketing khác biệt.',0,0),(1107,'Principles of Corporate Finance (Princeton)',1976,5,912,'2025-10-28','hoat_dong','Textbook on corporate finance (e.g., Brealey & Myers).',0,0),(1108,'The Black Swan of Wall Street (collection)',2010,5,300,'2025-10-28','hoat_dong','Essays on market shock and risk.',0,0),(1109,'This Time Is Different (condensed)',2010,5,320,'2025-10-28','hoat_dong','Essays on financial crises.',0,0),(1110,'The End of Alchemy',2016,5,352,'2025-10-28','hoat_dong','Mervyn King: ngân hàng và hệ thống tài chính.',0,0),(1111,'Why Nations Fail',2012,5,544,'2025-10-28','hoat_dong','Daron Acemoglu & James A. Robinson: thể chế và phát triển.',0,0),(1112,'The Price of Inequality',2012,5,328,'2025-10-28','hoat_dong','Joseph Stiglitz: bất bình đẳng và chính sách.',0,0),(1113,'The Undercover Economist',2008,5,336,'2025-10-28','hoat_dong','Tim Harford: kinh tế học ứng dụng đời sống.',0,0),(1114,'Misbehaving: The Making of Behavioral Economics',2015,4,384,'2025-10-28','hoat_dong','Richard Thaler: lịch sử kinh tế hành vi.',0,0),(1115,'Nudge (Revised & Expanded)',2021,4,352,'2025-10-28','hoat_dong','Thaler & Sunstein: ứng dụng chính sách.',0,0),(1116,'The Undoing Project',2016,5,352,'2025-10-28','hoat_dong','Michael Lewis: câu chuyện Kahneman & Tversky.',0,0),(1117,'Poor Economics',2011,5,320,'2025-10-28','hoat_dong','Banerjee & Duflo: nghiên cứu nghèo đói và can thiệp.',0,0),(1118,'The Logic of Life',2008,5,352,'2025-10-28','hoat_dong','Tim Harford (alternate): logic kinh tế trong hành vi.',0,0),(1119,'The Signal and the Noise',2012,5,512,'2025-10-28','hoat_dong','Nate Silver: dự báo và dữ liệu.',0,0),(1120,'Broken Markets: Where It All Went Wrong and How to Fix It',2019,5,320,'2025-10-28','hoat_dong','Analysis of market failures.',0,0),(1121,'The Great Crash 1929 (reprint)',1988,5,256,'2025-10-28','hoat_dong','Kindleberger: lịch sử khủng hoảng.',0,0),(1122,'The Millionaire Fastlane',2011,5,352,'2025-10-28','hoat_dong','M.J. DeMarco: tư duy kinh doanh & giàu có.',0,0),(1123,'The Little Book That Beats the Market',2005,5,176,'2025-10-28','hoat_dong','Investing strategies simplified.',0,0),(1124,'The Elements of Investing',2016,5,144,'2025-10-28','hoat_dong','Simple investing basics.',0,0),(1125,'The Only Investment Guide You\'ll Ever Need',2006,5,352,'2025-10-28','hoat_dong','Ken Fisher: hướng dẫn đầu tư căn bản.',0,0),(1126,'Common Sense on Mutual Funds',1999,5,400,'2025-10-28','hoat_dong','John Bogle: quỹ tương hỗ và đầu tư.',0,0),(1127,'Principles of Economics (modern compendium)',1948,5,672,'2025-10-28','hoat_dong','Samuelson: kinh tế học hiện đại.',0,0),(1128,'The New Financial Order',2012,5,352,'2025-10-28','hoat_dong','Ray Dalio: công cụ tài chính cho mọi người.',0,0),(1129,'The Psychology of Money (expanded)',2021,5,272,'2025-10-28','hoat_dong','Morgan Housel: tiền và hành vi.',0,0),(1130,'Thinking in Bets',2018,5,272,'2025-10-28','hoat_dong','Annie Duke: quyết định dưới rủi ro.',0,0),(1131,'The Little Book of Behavioral Investing',2010,5,208,'2025-10-28','hoat_dong','Behavioral biases in investing.',0,0),(1132,'The New Confessions of an Economic Hit Man',2016,5,320,'2025-10-28','hoat_dong','John Perkins: phê phán kinh tế chính trị.',0,0),(1133,'The Curse of Cash',2016,5,240,'2025-10-28','hoat_dong','Kenneth Rogoff: bài toán tiền mặt và chính sách.',0,0),(1134,'The Lessons of History',1968,5,176,'2025-10-28','hoat_dong','Bernstein: lịch sử và bài học kinh tế.',0,0),(1135,'When Genius Failed',2000,5,320,'2025-10-28','hoat_dong','Roger Lowenstein: sự sụp đổ của LTCM.',0,0),(1136,'The Innovator\'s Dilemma',1997,5,288,'2025-10-28','hoat_dong','Clayton Christensen: đổi mới và doanh nghiệp.',0,0),(1137,'The Innovator\'s Solution',2003,5,320,'2025-10-28','hoat_dong','Christensen & Raynor: tiếp nối Dilemma.',0,0),(1138,'The Little Book That Still Beats the Market (expanded)',2010,5,224,'2025-10-28','hoat_dong','Greenblatt: magic formula.',0,0),(1139,'The Black Box Society',2015,5,352,'2025-10-28','hoat_dong','Frank Pasquale: công nghệ, dữ liệu và quyền lực.',0,0),(1140,'The Rise and Fall of American Growth',2016,5,640,'2025-10-28','hoat_dong','Robert J. Gordon: tăng trưởng kinh tế Mỹ.',0,0),(1141,'The Victory of Reason',2011,5,352,'2025-10-28','hoat_dong','Essays on rationality and economics.',0,0),(1142,'Adaptive Markets',2017,5,272,'2025-10-28','hoat_dong','Andrew Lo: thị trường thích nghi.',0,0),(1143,'The Age of Cryptocurrency',2015,5,352,'2025-10-28','hoat_dong','Paul Vigna & Michael J. Casey on crypto.',0,0),(1144,'The Future of Capitalism',2013,5,240,'2025-10-28','hoat_dong','Paul Collier / Joseph Stiglitz-like themes.',0,0),(1145,'The Great Divide',2014,5,320,'2025-10-28','hoat_dong','Exploration of inequality.',0,0),(1146,'The End of Poverty',2003,5,320,'2025-10-28','hoat_dong','Jeffrey Sachs: chiến lược xóa nghèo.',2,1),(1147,'The Price of Everything',2019,5,320,'2025-10-28','hoat_dong','Essays on value and markets.',5,1),(1148,'The Index Card: Why Personal Finance Doesn\'t Have to Be Complicated',2017,5,208,'2025-10-28','hoat_dong','Helaine Olen & Harold Pollack: đơn giản hoá tài chính cá nhân.',0,0),(1149,'The Behavior Gap',2012,5,200,'2025-10-28','hoat_dong','Carl Richards: phân tích cảm xúc nhà đầu tư.',3,1),(1150,'The Little Book of Valuation',2011,5,240,'2025-10-28','hoat_dong','Aswath Damodaran: định giá doanh nghiệp.',0,0),(1151,'The Most Important Thing Illuminated',2013,5,224,'2025-10-28','hoat_dong','Howard Marks expanded thoughts.',5,1),(1152,'The Psychology of Investing',2000,4,256,'2025-10-28','hoat_dong','Behavioral finance guide.',2,1),(1153,'Your Money and Your Brain',2007,5,240,'2025-10-28','hoat_dong','David Rock: neuroscience of investing.',3,1),(1154,'abc',2000,0,1,'2025-10-28','hoat_dong','dfgf ẻgert ểtrt4t4w',0,0),(1155,'Hôm nay mình chỉ vui thôi có được không',2018,5,304,'2025-10-28','hoat_dong','abc',0,0);
/*!40000 ALTER TABLE `sach` ENABLE KEYS */;
UNLOCK TABLES;

--
-- Table structure for table `sach_tacgia`
--

DROP TABLE IF EXISTS `sach_tacgia`;
/*!40101 SET @saved_cs_client     = @@character_set_client */;
/*!50503 SET character_set_client = utf8mb4 */;
CREATE TABLE `sach_tacgia` (
  `id_sach` int NOT NULL,
  `id_tac_gia` int NOT NULL,
  PRIMARY KEY (`id_sach`,`id_tac_gia`),
  KEY `fk_tacgia` (`id_tac_gia`),
  CONSTRAINT `fk_sach_tacgia` FOREIGN KEY (`id_sach`) REFERENCES `sach` (`id_sach`) ON DELETE CASCADE ON UPDATE CASCADE,
  CONSTRAINT `fk_tacgia` FOREIGN KEY (`id_tac_gia`) REFERENCES `tacgia` (`id_tac_gia`) ON DELETE CASCADE ON UPDATE CASCADE
) ENGINE=InnoDB DEFAULT CHARSET=utf8mb4 COLLATE=utf8mb4_0900_ai_ci;
/*!40101 SET character_set_client = @saved_cs_client */;

--
-- Dumping data for table `sach_tacgia`
--

LOCK TABLES `sach_tacgia` WRITE;
/*!40000 ALTER TABLE `sach_tacgia` DISABLE KEYS */;
INSERT INTO `sach_tacgia` VALUES (1054,500),(1055,501),(1056,502),(1057,503),(1058,503),(1059,505),(1100,505),(1060,506),(1061,507),(1062,509),(1063,510),(1064,510),(1065,512),(1108,512),(1066,513),(1116,513),(1067,514),(1114,514),(1115,514),(1068,515),(1097,516),(1096,517),(1095,518),(1094,519),(1069,520),(1070,520),(1071,520),(1072,520),(1073,520),(1080,522),(1126,522),(1076,523),(1134,523),(1077,524),(1078,524),(1079,525),(1102,526),(1103,527),(1136,527),(1137,527),(1081,528),(1082,528),(1133,528),(1153,528),(1085,530),(1112,530),(1144,530),(1145,530),(1083,532),(1109,532),(1075,534),(1121,534),(1135,534),(1118,536),(1113,537),(1141,537),(1104,538),(1105,539),(1101,540),(1106,540),(1086,541),(1128,541),(1142,541),(1087,542),(1129,542),(1149,542),(1152,542),(1093,543),(1125,544),(1084,545),(1110,545),(1120,545),(1132,545),(1140,545),(1143,545),(1147,545),(1111,546),(1107,550),(1127,551),(1088,553),(1124,553),(1131,553),(1148,553),(1090,554),(1151,554),(1091,555),(1092,555),(1122,556),(1098,557),(1099,557),(1089,561),(1123,561),(1138,561),(1150,561),(1139,564),(1119,565),(1130,565),(1074,568),(1117,569),(1146,569),(1154,569);
/*!40000 ALTER TABLE `sach_tacgia` ENABLE KEYS */;
UNLOCK TABLES;

--
-- Table structure for table `sach_theloai`
--

DROP TABLE IF EXISTS `sach_theloai`;
/*!40101 SET @saved_cs_client     = @@character_set_client */;
/*!50503 SET character_set_client = utf8mb4 */;
CREATE TABLE `sach_theloai` (
  `id_sach` int NOT NULL,
  `id_the_loai` int NOT NULL,
  PRIMARY KEY (`id_sach`,`id_the_loai`),
  KEY `fk_theloai` (`id_the_loai`),
  CONSTRAINT `fk_sach_theloai` FOREIGN KEY (`id_sach`) REFERENCES `sach` (`id_sach`) ON DELETE CASCADE ON UPDATE CASCADE,
  CONSTRAINT `fk_theloai` FOREIGN KEY (`id_the_loai`) REFERENCES `theloai` (`id_the_loai`) ON DELETE CASCADE ON UPDATE CASCADE
) ENGINE=InnoDB DEFAULT CHARSET=utf8mb4 COLLATE=utf8mb4_0900_ai_ci;
/*!40101 SET character_set_client = @saved_cs_client */;

--
-- Dumping data for table `sach_theloai`
--

LOCK TABLES `sach_theloai` WRITE;
/*!40000 ALTER TABLE `sach_theloai` DISABLE KEYS */;
INSERT INTO `sach_theloai` VALUES (1054,400),(1055,400),(1113,400),(1127,400),(1057,401),(1058,401),(1060,401),(1062,401),(1063,401),(1064,401),(1065,401),(1069,401),(1070,401),(1071,401),(1076,401),(1077,401),(1078,401),(1079,401),(1080,401),(1081,401),(1087,401),(1088,401),(1089,401),(1090,401),(1091,401),(1108,401),(1123,401),(1124,401),(1125,401),(1126,401),(1128,401),(1129,401),(1138,401),(1142,401),(1143,401),(1148,401),(1149,401),(1150,401),(1151,401),(1072,402),(1086,402),(1102,402),(1103,402),(1104,402),(1105,402),(1106,402),(1107,402),(1136,402),(1137,402),(1059,403),(1061,403),(1092,403),(1093,403),(1094,403),(1095,403),(1096,403),(1097,403),(1098,403),(1099,403),(1100,403),(1101,403),(1122,403),(1130,403),(1066,404),(1067,404),(1068,404),(1114,404),(1115,404),(1116,404),(1118,404),(1119,404),(1131,404),(1141,404),(1152,404),(1153,404),(1154,404),(1056,405),(1073,405),(1074,405),(1075,405),(1082,405),(1083,405),(1084,405),(1085,405),(1109,405),(1110,405),(1111,405),(1112,405),(1117,405),(1120,405),(1121,405),(1132,405),(1133,405),(1134,405),(1135,405),(1139,405),(1140,405),(1144,405),(1145,405),(1146,405),(1147,405),(1155,406),(1155,407);
/*!40000 ALTER TABLE `sach_theloai` ENABLE KEYS */;
UNLOCK TABLES;

--
-- Table structure for table `tacgia`
--

DROP TABLE IF EXISTS `tacgia`;
/*!40101 SET @saved_cs_client     = @@character_set_client */;
/*!50503 SET character_set_client = utf8mb4 */;
CREATE TABLE `tacgia` (
  `id_tac_gia` int NOT NULL AUTO_INCREMENT,
  `ten_tac_gia` varchar(255) CHARACTER SET utf8mb4 COLLATE utf8mb4_unicode_ci NOT NULL,
  PRIMARY KEY (`id_tac_gia`),
  UNIQUE KEY `ten_tac_gia` (`ten_tac_gia`)
) ENGINE=InnoDB AUTO_INCREMENT=572 DEFAULT CHARSET=utf8mb4 COLLATE=utf8mb4_unicode_ci;
/*!40101 SET character_set_client = @saved_cs_client */;

--
-- Dumping data for table `tacgia`
--

LOCK TABLES `tacgia` WRITE;
/*!40000 ALTER TABLE `tacgia` DISABLE KEYS */;
INSERT INTO `tacgia` VALUES (569,'Abhijit Banerjee'),(550,'Adam Smith (modern commentary)'),(559,'Andrew S. Grove'),(503,'Benjamin Graham'),(509,'Burton G. Malkiel'),(532,'Carmen M. Reinhart'),(570,'Charles D. Ellis'),(517,'Charles Duhigg'),(534,'Charles P. Kindleberger'),(564,'Clay Shirky'),(527,'Clayton M. Christensen'),(515,'Dan Ariely'),(563,'Daniel Goleman'),(557,'Daniel H. Pink'),(513,'Daniel Kahneman'),(546,'Daron Acemoglu'),(504,'David Dodd'),(539,'Eric Ries'),(568,'Esther Duflo'),(502,'Friedrich Hayek'),(554,'Howard Marks'),(535,'Hyman Minsky'),(518,'James Clear'),(547,'James K. Galbraith'),(558,'Jay B. Barney'),(525,'Jeremy J. Siegel'),(526,'Jim Collins'),(560,'Jim O\'Shaughnessy'),(561,'Joel Greenblatt'),(536,'John A. List'),(522,'John C. Bogle'),(500,'John Maynard Keynes'),(530,'Joseph E. Stiglitz'),(521,'Justin Fox'),(544,'Ken Fisher'),(533,'Kenneth S. Rogoff'),(516,'Malcolm Gladwell'),(552,'Michael E. Lewis (duplicate safe)'),(538,'Michael E. Porter'),(520,'Michael Lewis'),(562,'Mihaly Csikszentmihalyi'),(542,'Morgan Housel'),(505,'Napoleon Hill'),(512,'Nassim Nicholas Taleb'),(566,'Nicholas Epley'),(551,'Paul A. Samuelson'),(529,'Paul Krugman'),(567,'Paul Wilmott'),(523,'Peter L. Bernstein'),(524,'Peter Lynch'),(545,'Peter S. Goodman'),(565,'Philip Tetlock'),(548,'Raghuram G. Rajan'),(541,'Ray Dalio'),(514,'Richard H. Thaler'),(531,'Richard S. Tedlow'),(549,'Robert Axelrod'),(528,'Robert J. Shiller'),(506,'Robert Kiyosaki'),(543,'Robert T. Kiyosaki'),(540,'Seth Godin'),(511,'Stephen J. Dubner'),(519,'Stephen R. Covey'),(510,'Steven D. Levitt'),(555,'Suze Orman'),(507,'Thomas J. Stanley'),(501,'Thomas Piketty'),(537,'Tim Harford'),(556,'Tony Robbins'),(571,'Trang Xtd'),(508,'William D. Danko'),(553,'William J. Bernstein');
/*!40000 ALTER TABLE `tacgia` ENABLE KEYS */;
UNLOCK TABLES;

--
-- Table structure for table `thanhvien`
--

DROP TABLE IF EXISTS `thanhvien`;
/*!40101 SET @saved_cs_client     = @@character_set_client */;
/*!50503 SET character_set_client = utf8mb4 */;
CREATE TABLE `thanhvien` (
  `id_thanh_vien` int NOT NULL AUTO_INCREMENT,
  `ho_ten` varchar(255) CHARACTER SET utf8mb4 COLLATE utf8mb4_unicode_ci NOT NULL,
  `email` varchar(255) CHARACTER SET utf8mb4 COLLATE utf8mb4_unicode_ci NOT NULL,
  `mat_khau` varchar(255) CHARACTER SET utf8mb4 COLLATE utf8mb4_unicode_ci NOT NULL,
  `vai_tro` enum('doc_gia','quan_ly') CHARACTER SET utf8mb4 COLLATE utf8mb4_unicode_ci NOT NULL DEFAULT 'doc_gia',
  `ngay_dang_ky` datetime NOT NULL DEFAULT CURRENT_TIMESTAMP,
  `so_dien_thoai` varchar(15) CHARACTER SET utf8mb4 COLLATE utf8mb4_unicode_ci DEFAULT NULL,
  `dia_chi` varchar(255) CHARACTER SET utf8mb4 COLLATE utf8mb4_unicode_ci DEFAULT NULL,
  `ngay_sinh` date DEFAULT NULL,
  `trang_thai` enum('hoat_dong','da_khoa') CHARACTER SET utf8mb4 COLLATE utf8mb4_unicode_ci NOT NULL DEFAULT 'hoat_dong',
  `avatar` varchar(255) CHARACTER SET utf8mb4 COLLATE utf8mb4_unicode_ci DEFAULT 'default_avatar.png',
  PRIMARY KEY (`id_thanh_vien`),
  UNIQUE KEY `email` (`email`)
) ENGINE=InnoDB AUTO_INCREMENT=8 DEFAULT CHARSET=utf8mb4 COLLATE=utf8mb4_unicode_ci;
/*!40101 SET character_set_client = @saved_cs_client */;

--
-- Dumping data for table `thanhvien`
--

LOCK TABLES `thanhvien` WRITE;
/*!40000 ALTER TABLE `thanhvien` DISABLE KEYS */;
INSERT INTO `thanhvien` VALUES (1,'Quản lý Quang','dyquang5083@gmail.com','scrypt:32768:8:1$piCQSPCt5WSb6ITx$ca0604ef87e636726bde8629f3004ef7ff1627ac7754622cb1234e6632dfc7094b0950e03aa1492282664de2caf79d506ef6871ac8aa2dfea5ce3f3bb9aded58','quan_ly','2025-10-21 00:00:00','0325509336','',NULL,'hoat_dong','026fc7c7179b4a3a8e0abbd717995f8f.jpg'),(2,'Độc giả Quang','docgia@gmail.com','scrypt:32768:8:1$7l4u6p330VnTatdl$48065070de0904cbc29e8cf67ebf20ce856af6185326dc3665a54c8bfd1ff22d7a06416d4b2d9bc2e8a33324b6b85db7ddc67a3c2ffa4c7f191cfef5b8035b23','doc_gia','2025-10-28 11:53:15',NULL,NULL,NULL,'hoat_dong','default_avatar.png'),(4,'abc123@gmail.com','abc123@gmail.com','scrypt:32768:8:1$cWgw9TtOBvmexfUo$0e34cbff925d6d30f83fcc5300329c44e6e9a4584249d29444ef591bf6b0dfea3e0842b77c3734c276c7c4f3e264d6bdea1498c11626cef322ef590de86b0716','quan_ly','2025-10-29 00:00:00',NULL,NULL,NULL,'hoat_dong','default_avatar.png'),(7,'abc','abc1@gmail.com','scrypt:32768:8:1$DqZBqJxb5zyuR1G1$7acbb7e297aaac584a0c4f396364ea77e13b6e02588e94eb443583482eba0db367878fcd8c4a15f756f53f9d03d9f06a9b65ca3edd32d26a1e3d9132e54dc8fd','doc_gia','2025-12-05 10:28:08',NULL,NULL,NULL,'hoat_dong','default_avatar.png');
/*!40000 ALTER TABLE `thanhvien` ENABLE KEYS */;
UNLOCK TABLES;

--
-- Table structure for table `theloai`
--

DROP TABLE IF EXISTS `theloai`;
/*!40101 SET @saved_cs_client     = @@character_set_client */;
/*!50503 SET character_set_client = utf8mb4 */;
CREATE TABLE `theloai` (
  `id_the_loai` int NOT NULL AUTO_INCREMENT,
  `ten_the_loai` varchar(255) CHARACTER SET utf8mb4 COLLATE utf8mb4_unicode_ci NOT NULL,
  PRIMARY KEY (`id_the_loai`),
  UNIQUE KEY `ten_the_loai` (`ten_the_loai`)
) ENGINE=InnoDB AUTO_INCREMENT=408 DEFAULT CHARSET=utf8mb4 COLLATE=utf8mb4_unicode_ci;
/*!40101 SET character_set_client = @saved_cs_client */;

--
-- Dumping data for table `theloai`
--

LOCK TABLES `theloai` WRITE;
/*!40000 ALTER TABLE `theloai` DISABLE KEYS */;
INSERT INTO `theloai` VALUES (404,'Hành vi kinh tế / Tâm lý kinh doanh'),(402,'Kinh doanh & Quản trị'),(400,'Kinh tế học'),(405,'Lịch sử kinh tế / Chính sách'),(403,'Phát triển cá nhân / Cuộc sống'),(401,'Tài chính & Đầu tư'),(406,'Tản Văn'),(407,'Tự truyện');
/*!40000 ALTER TABLE `theloai` ENABLE KEYS */;
UNLOCK TABLES;

--
-- Table structure for table `yeuthich`
--

DROP TABLE IF EXISTS `yeuthich`;
/*!40101 SET @saved_cs_client     = @@character_set_client */;
/*!50503 SET character_set_client = utf8mb4 */;
CREATE TABLE `yeuthich` (
  `id_yeu_thich` int NOT NULL AUTO_INCREMENT,
  `id_thanh_vien` int NOT NULL,
  `id_sach` int NOT NULL,
  `ngay_them` timestamp NULL DEFAULT CURRENT_TIMESTAMP,
  PRIMARY KEY (`id_yeu_thich`),
  UNIQUE KEY `uk_thanhvien_sach` (`id_thanh_vien`,`id_sach`),
  KEY `fk_yeuthich_thanhvien` (`id_thanh_vien`),
  KEY `fk_yeuthich_sach` (`id_sach`),
  CONSTRAINT `fk_yeuthich_sach` FOREIGN KEY (`id_sach`) REFERENCES `sach` (`id_sach`) ON DELETE CASCADE,
  CONSTRAINT `fk_yeuthich_thanhvien` FOREIGN KEY (`id_thanh_vien`) REFERENCES `thanhvien` (`id_thanh_vien`) ON DELETE CASCADE
) ENGINE=InnoDB AUTO_INCREMENT=88 DEFAULT CHARSET=utf8mb4 COLLATE=utf8mb4_unicode_ci;
/*!40101 SET character_set_client = @saved_cs_client */;

--
-- Dumping data for table `yeuthich`
--

LOCK TABLES `yeuthich` WRITE;
/*!40000 ALTER TABLE `yeuthich` DISABLE KEYS */;
/*!40000 ALTER TABLE `yeuthich` ENABLE KEYS */;
UNLOCK TABLES;
SET @@SESSION.SQL_LOG_BIN = @MYSQLDUMP_TEMP_LOG_BIN;
/*!40103 SET TIME_ZONE=@OLD_TIME_ZONE */;

/*!40101 SET SQL_MODE=@OLD_SQL_MODE */;
/*!40014 SET FOREIGN_KEY_CHECKS=@OLD_FOREIGN_KEY_CHECKS */;
/*!40014 SET UNIQUE_CHECKS=@OLD_UNIQUE_CHECKS */;
/*!40101 SET CHARACTER_SET_CLIENT=@OLD_CHARACTER_SET_CLIENT */;
/*!40101 SET CHARACTER_SET_RESULTS=@OLD_CHARACTER_SET_RESULTS */;
/*!40101 SET COLLATION_CONNECTION=@OLD_COLLATION_CONNECTION */;
/*!40111 SET SQL_NOTES=@OLD_SQL_NOTES */;

-- Dump completed on 2025-12-30  9:13:08
